 .,State_Code,State,District_Key,District,Confirmed,Active,Recovered,Deceased,Migrated_Other,Delta_Confirmed,Delta_Active,Delta_Recovered,Delta_Deceased,District_Notes,Last_Updated
.,UN,State Unassigned,UN_Unassigned,Unassigned,0,0,0,0,0,0,0,0,0,,
1,AN,Andaman and Nicobar Islands,AN_Nicobars,Nicobars,0,0,0,0,0,0,0,0,0,District-wise numbers are out-dated as cumulative counts for each district are not reported in bulletin,
2,AN,Andaman and Nicobar Islands,AN_North and Middle Andaman,North and Middle Andaman,1,0,1,0,0,0,0,0,0,District-wise numbers are out-dated as cumulative counts for each district are not reported in bulletin,
3,AN,Andaman and Nicobar Islands,AN_South Andaman,South Andaman,51,19,32,0,0,0,0,0,0,District-wise numbers are out-dated as cumulative counts for each district are not reported in bulletin,
0,AP,Andhra Pradesh,AP_Foreign Evacuees,Foreign Evacuees,434,0,434,0,0,0,0,0,0,,
4,AP,Andhra Pradesh,AP_Anantapur,Anantapur,165123,5381,158649,1093,0,1379,1127,252,0,,
5,AP,Andhra Pradesh,AP_Chittoor,Chittoor,264951,10973,252014,1964,0,1566,527,1039,0,,
6,AP,Andhra Pradesh,AP_East Godavari,East Godavari,300743,5351,294101,1291,0,756,678,77,1,,
7,AP,Andhra Pradesh,AP_Guntur,Guntur,186996,6195,179540,1261,0,1212,911,301,0,,
8,AP,Andhra Pradesh,AP_Krishna,Krishna,124480,3488,119510,1482,0,354,295,59,0,,
9,AP,Andhra Pradesh,AP_Kurnool,Kurnool,128967,3778,124335,854,0,969,646,323,0,,
0,AP,Andhra Pradesh,AP_Other State,Other State,2461,0,2461,0,0,0,0,0,0,,
10,AP,Andhra Pradesh,AP_Prakasam,Prakasam,143648,4611,137906,1131,0,1001,972,29,0,,
11,AP,Andhra Pradesh,AP_S.P.S. Nellore,S.P.S. Nellore,153298,5792,146440,1066,0,875,817,56,2,,
12,AP,Andhra Pradesh,AP_Srikakulam,Srikakulam,129063,4727,123541,795,0,868,600,268,0,,
13,AP,Andhra Pradesh,AP_Visakhapatnam,Visakhapatnam,175333,14292,159884,1157,0,1959,1272,684,3,,
14,AP,Andhra Pradesh,AP_Vizianagaram,Vizianagaram,87742,3830,83238,674,0,562,440,122,0,,
15,AP,Andhra Pradesh,AP_West Godavari,West Godavari,182748,1505,180117,1126,0,691,368,323,0,,
16,AP,Andhra Pradesh,AP_Y.S.R. Kadapa,Y.S.R. Kadapa,120207,3220,116343,644,0,734,354,380,0,,
17,AR,Arunachal Pradesh,AR_Anjaw,Anjaw,1079,10,1066,3,0,0,0,0,0,,
18,AR,Arunachal Pradesh,AR_Changlang,Changlang,4082,217,3843,22,0,0,0,0,0,,
19,AR,Arunachal Pradesh,AR_East Kameng,East Kameng,1123,27,1096,0,0,0,0,0,0,,
20,AR,Arunachal Pradesh,AR_East Siang,East Siang,3352,101,3234,17,0,0,0,0,0,,
21,AR,Arunachal Pradesh,AR_Kamle,Kamle,525,8,517,0,0,0,0,0,0,,
22,AR,Arunachal Pradesh,AR_Kra Daadi,Kra Daadi,270,0,270,0,0,0,0,0,0,,
23,AR,Arunachal Pradesh,AR_Kurung Kumey,Kurung Kumey,515,2,512,1,0,0,0,0,0,,
24,AR,Arunachal Pradesh,AR_Lepa Rada,Lepa Rada,894,14,877,3,0,0,0,0,0,,
25,AR,Arunachal Pradesh,AR_Lohit,Lohit,3109,146,2936,27,0,0,0,0,0,,
26,AR,Arunachal Pradesh,AR_Longding,Longding,777,23,752,2,0,0,0,0,0,,
27,AR,Arunachal Pradesh,AR_Lower Dibang Valley,Lower Dibang Valley,2630,148,2471,11,0,0,0,0,0,,
28,AR,Arunachal Pradesh,AR_Lower Siang,Lower Siang,782,27,747,8,0,0,0,0,0,,
29,AR,Arunachal Pradesh,AR_Lower Subansiri,Lower Subansiri,3143,99,3029,15,0,0,0,0,0,,
30,AR,Arunachal Pradesh,AR_Namsai,Namsai,2394,200,2177,17,0,0,0,0,0,,
31,AR,Arunachal Pradesh,AR_Pakke Kessang,Pakke Kessang,479,23,456,0,0,0,0,0,0,,
32,AR,Arunachal Pradesh,AR_Papum Pare,Papum Pare,19827,1108,18621,98,0,0,0,0,0,,
33,AR,Arunachal Pradesh,AR_Shi Yomi,Shi Yomi,284,17,267,0,0,0,0,0,0,,
34,AR,Arunachal Pradesh,AR_Siang,Siang,425,10,412,3,0,0,0,0,0,,
35,AR,Arunachal Pradesh,AR_Tawang,Tawang,2705,61,2624,20,0,0,0,0,0,,
36,AR,Arunachal Pradesh,AR_Tirap,Tirap,1191,78,1108,5,0,0,0,0,0,,
37,AR,Arunachal Pradesh,AR_Upper Dibang Valley,Upper Dibang Valley,346,6,338,2,0,0,0,0,0,,
38,AR,Arunachal Pradesh,AR_Upper Siang,Upper Siang,1043,21,1021,1,0,0,0,0,0,,
39,AR,Arunachal Pradesh,AR_Upper Subansiri,Upper Subansiri,1967,7,1954,6,0,0,0,0,0,,
40,AR,Arunachal Pradesh,AR_West Kameng,West Kameng,3923,265,3643,15,0,0,0,0,0,,
41,AR,Arunachal Pradesh,AR_West Siang,West Siang,1938,42,1890,6,0,0,0,0,0,,
0,AS,Assam,AS_Airport Quarantine,Airport Quarantine,13,0,13,0,0,0,0,0,0,,
42,AS,Assam,AS_Baksa,Baksa,7360,6845,447,68,0,0,0,0,0,,
43,AS,Assam,AS_Barpeta,Barpeta,15751,14539,1024,188,0,0,0,0,0,,
44,AS,Assam,AS_Biswanath,Biswanath,9923,9485,379,59,0,0,0,0,0,,
45,AS,Assam,AS_Bongaigaon,Bongaigaon,7403,6486,834,83,0,0,0,0,0,,
46,AS,Assam,AS_Cachar,Cachar,28369,26654,1498,217,0,0,0,0,0,,
47,AS,Assam,AS_Charaideo,Charaideo,4281,4119,105,57,0,0,0,0,0,,
48,AS,Assam,AS_Chirang,Chirang,3344,3085,219,40,0,0,0,0,0,,
49,AS,Assam,AS_Darrang,Darrang,12832,10982,1730,120,0,0,0,0,0,,
50,AS,Assam,AS_Dhemaji,Dhemaji,9181,8693,440,48,0,0,0,0,0,,
51,AS,Assam,AS_Dhubri,Dhubri,9678,8409,1215,54,0,0,0,0,0,,
52,AS,Assam,AS_Dibrugarh,Dibrugarh,38368,35546,2409,413,0,0,0,0,0,,
53,AS,Assam,AS_Dima Hasao,Dima Hasao,4201,3983,199,19,0,0,0,0,0,,
54,AS,Assam,AS_Goalpara,Goalpara,12477,38,568,92,0,0,0,0,0,,
55,AS,Assam,AS_Golaghat,Golaghat,25840,23913,1656,271,0,0,0,0,0,,
56,AS,Assam,AS_Hailakandi,Hailakandi,7120,5967,1116,37,0,0,0,0,0,,
57,AS,Assam,AS_Hojai,Hojai,8632,7356,1160,116,0,0,0,0,0,,
58,AS,Assam,AS_Jorhat,Jorhat,29503,27406,1752,345,0,0,0,0,0,,
59,AS,Assam,AS_Kamrup,Kamrup,36343,33991,2074,278,0,0,0,0,0,,
60,AS,Assam,AS_Kamrup Metropolitan,Kamrup Metropolitan,132811,116522,15370,919,0,0,0,0,0,,
61,AS,Assam,AS_Karbi Anglong,Karbi Anglong,8439,7767,552,120,0,0,0,0,0,,
62,AS,Assam,AS_Karimganj,Karimganj,9631,8582,955,94,0,0,0,0,0,,
63,AS,Assam,AS_Kokrajhar,Kokrajhar,6587,6165,353,69,0,0,0,0,0,,
64,AS,Assam,AS_Lakhimpur,Lakhimpur,17431,16171,1135,125,0,0,0,0,0,,
65,AS,Assam,AS_Majuli,Majuli,2230,2137,80,13,0,0,0,0,0,,
66,AS,Assam,AS_Morigaon,Morigaon,14601,13965,557,79,0,0,0,0,0,,
67,AS,Assam,AS_Nagaon,Nagaon,26978,24252,2506,220,0,0,0,0,0,,
68,AS,Assam,AS_Nalbari,Nalbari,12395,11436,828,131,0,0,0,0,0,,
0,AS,Assam,AS_Other State,Other State,192,191,1,0,0,0,0,0,0,,
69,AS,Assam,AS_Sivasagar,Sivasagar,13305,12638,473,194,0,0,0,0,0,,
70,AS,Assam,AS_Sonitpur,Sonitpur,23442,21456,1727,259,0,0,0,0,0,,
71,AS,Assam,AS_South Salmara Mankachar,South Salmara Mankachar,2036,1972,47,17,0,0,0,0,0,,
72,AS,Assam,AS_Tinsukia,Tinsukia,22772,20713,1798,261,0,0,0,0,0,,
73,AS,Assam,AS_Udalguri,Udalguri,6748,6002,666,80,0,0,0,0,0,,
74,AS,Assam,AS_West Karbi Anglong,West Karbi Anglong,1572,1529,37,6,0,0,0,0,0,,
75,BR,Bihar,BR_Araria,Araria,15785,358,15287,140,0,0,0,0,0,,
76,BR,Bihar,BR_Arwal,Arwal,8040,286,7645,109,0,0,0,0,0,,
77,BR,Bihar,BR_Aurangabad,Aurangabad,21000,276,20647,77,0,0,0,0,0,,
78,BR,Bihar,BR_Banka,Banka,8299,385,7801,113,0,0,0,0,0,,
79,BR,Bihar,BR_Begusarai,Begusarai,29821,572,28688,561,0,0,0,0,0,,
80,BR,Bihar,BR_Bhagalpur,Bhagalpur,28125,792,26973,360,0,0,0,0,0,,
81,BR,Bihar,BR_Bhojpur,Bhojpur,11373,309,10825,239,0,0,0,0,0,,
82,BR,Bihar,BR_Buxar,Buxar,9977,298,9461,218,0,0,0,0,0,,
83,BR,Bihar,BR_Darbhanga,Darbhanga,12975,975,11629,371,0,0,0,0,0,,
101,BR,Bihar,BR_East Champaran,East Champaran,20257,563,19163,531,0,0,0,0,0,,
84,BR,Bihar,BR_Gaya,Gaya,36926,75,36483,368,0,0,0,0,0,,
85,BR,Bihar,BR_Gopalganj,Gopalganj,17211,243,16712,256,0,0,0,0,0,,
86,BR,Bihar,BR_Jamui,Jamui,10675,191,10365,119,0,0,0,0,0,,
87,BR,Bihar,BR_Jehanabad,Jehanabad,11786,90,11452,244,0,0,0,0,0,,
88,BR,Bihar,BR_Kaimur,Kaimur,5530,207,5176,147,0,0,0,0,0,,
89,BR,Bihar,BR_Katihar,Katihar,19496,590,18637,269,0,0,0,0,0,,
90,BR,Bihar,BR_Khagaria,Khagaria,10551,205,10182,164,0,0,0,0,0,,
91,BR,Bihar,BR_Kishanganj,Kishanganj,11056,383,10567,106,0,0,0,0,0,,
92,BR,Bihar,BR_Lakhisarai,Lakhisarai,8461,105,8253,103,0,0,0,0,0,,
93,BR,Bihar,BR_Madhepura,Madhepura,14062,791,13159,112,0,0,0,0,0,,
94,BR,Bihar,BR_Madhubani,Madhubani,19543,391,18765,387,0,0,0,0,0,,
95,BR,Bihar,BR_Munger,Munger,17227,860,16095,272,0,0,0,0,0,,
96,BR,Bihar,BR_Muzaffarpur,Muzaffarpur,35172,1245,33302,625,0,0,0,0,0,,
97,BR,Bihar,BR_Nalanda,Nalanda,25292,281,24541,470,0,0,0,0,0,,
98,BR,Bihar,BR_Nawada,Nawada,10890,34,10598,258,0,0,0,0,0,,
100,BR,Bihar,BR_Patna,Patna,176411,6207,167388,2816,0,0,0,0,0,,
102,BR,Bihar,BR_Purnia,Purnia,26356,1115,25012,229,0,0,0,0,0,,
103,BR,Bihar,BR_Rohtas,Rohtas,14923,228,14423,272,0,0,0,0,0,,
104,BR,Bihar,BR_Saharsa,Saharsa,19201,487,18519,195,0,0,0,0,0,,
105,BR,Bihar,BR_Samastipur,Samastipur,23654,1336,22058,260,0,0,0,0,0,,
106,BR,Bihar,BR_Saran,Saran,25322,788,24277,257,0,0,0,0,0,,
107,BR,Bihar,BR_Sheikhpura,Sheikhpura,7896,69,7722,105,0,0,0,0,0,,
108,BR,Bihar,BR_Sheohar,Sheohar,4601,105,4444,52,0,0,0,0,0,,
109,BR,Bihar,BR_Sitamarhi,Sitamarhi,10150,286,9737,127,0,0,0,0,0,,
110,BR,Bihar,BR_Siwan,Siwan,16158,382,15490,286,0,0,0,0,0,,
111,BR,Bihar,BR_Supaul,Supaul,17938,296,17485,157,0,0,0,0,0,,
112,BR,Bihar,BR_Vaishali,Vaishali,21515,454,20655,405,1,0,0,0,0,,
99,BR,Bihar,BR_West Champaran,West Champaran,22096,517,21186,393,0,0,0,0,0,,
113,CH,Chandigarh,CH_Chandigarh,Chandigarh,83735,9260,73378,1097,0,0,0,0,0,,
0,CT,Chhattisgarh,CT_Other State,Other State,852,0,721,131,0,0,0,0,0,,
114,CT,Chhattisgarh,CT_Balod,Balod,28208,565,27245,398,0,0,0,0,0,,
115,CT,Chhattisgarh,CT_Baloda Bazar,Baloda Bazar,43999,391,43131,477,0,0,0,0,0,,
116,CT,Chhattisgarh,CT_Balrampur,Balrampur,20892,262,20510,120,0,0,0,0,0,,
117,CT,Chhattisgarh,CT_Bametara,Bametara,20285,249,19799,237,0,0,0,0,0,,
118,CT,Chhattisgarh,CT_Bastar,Bastar,21982,819,20972,191,0,0,0,0,0,,
119,CT,Chhattisgarh,CT_Bijapur,Bijapur,8730,294,8381,55,0,0,0,0,0,,
120,CT,Chhattisgarh,CT_Bilaspur,Bilaspur,72184,1821,69139,1224,0,0,0,0,0,,
121,CT,Chhattisgarh,CT_Dakshin Bastar Dantewada,Dakshin Bastar Dantewada,11465,214,11225,26,0,0,0,0,0,,
122,CT,Chhattisgarh,CT_Dhamtari,Dhamtari,28470,1109,26811,550,0,0,0,0,0,,
123,CT,Chhattisgarh,CT_Durg,Durg,107746,4055,101871,1820,0,0,0,0,0,,
124,CT,Chhattisgarh,CT_Gariaband,Gariaband,19984,172,19618,194,0,0,0,0,0,,
125,CT,Chhattisgarh,CT_Janjgir Champa,Janjgir Champa,61226,1441,58936,849,0,0,0,0,0,,
126,CT,Chhattisgarh,CT_Jashpur,Jashpur,29929,874,28843,212,0,0,0,0,0,,
127,CT,Chhattisgarh,CT_Kabeerdham,Kabeerdham,23300,465,22568,267,0,0,0,0,0,,
128,CT,Chhattisgarh,CT_Kondagaon,Kondagaon,13914,467,13348,99,0,0,0,0,0,,
129,CT,Chhattisgarh,CT_Korba,Korba,60638,1497,58548,593,0,0,0,0,0,,
130,CT,Chhattisgarh,CT_Koriya,Koriya,28353,472,27702,179,0,0,0,0,0,,
131,CT,Chhattisgarh,CT_Mahasamund,Mahasamund,31932,301,31265,366,0,0,0,0,0,,
132,CT,Chhattisgarh,CT_Mungeli,Mungeli,24520,577,23775,168,0,0,0,0,0,,
133,CT,Chhattisgarh,CT_Narayanpur,Narayanpur,4321,183,4124,14,0,0,0,0,0,,
134,CT,Chhattisgarh,CT_Raigarh,Raigarh,70603,2600,67020,983,0,0,0,0,0,,
135,CT,Chhattisgarh,CT_Raipur,Raipur,181231,7770,170289,3172,0,0,0,0,0,,
136,CT,Chhattisgarh,CT_Rajnandgaon,Rajnandgaon,59555,1773,57263,519,0,0,0,0,0,,
137,CT,Chhattisgarh,CT_Sukma,Sukma,8562,281,8261,20,0,0,0,0,0,,
138,CT,Chhattisgarh,CT_Surajpur,Surajpur,29961,369,29367,225,0,0,0,0,0,,
139,CT,Chhattisgarh,CT_Surguja,Surguja,35760,826,34689,245,0,0,0,0,0,,
140,CT,Chhattisgarh,CT_Uttar Bastar Kanker,Uttar Bastar Kanker,25001,640,24136,225,0,0,0,0,0,,
766,CT,Chhattisgarh,CT_Gaurela Pendra Marwahi,Gaurela Pendra Marwahi,12604,269,12189,146,0,0,0,0,0,,
144,DL,Delhi,DL_Central Delhi,Central Delhi,184,184,0,0,0,0,0,0,0,District-wise numbers are out-dated as cumulative counts for each district are not reported in bulletin,
145,DL,Delhi,DL_East Delhi,East Delhi,38,38,0,0,0,0,0,0,0,District-wise numbers are out-dated as cumulative counts for each district are not reported in bulletin,
146,DL,Delhi,DL_New Delhi,New Delhi,37,37,0,0,0,0,0,0,0,District-wise numbers are out-dated as cumulative counts for each district are not reported in bulletin,
147,DL,Delhi,DL_North Delhi,North Delhi,60,60,0,0,0,0,0,0,0,District-wise numbers are out-dated as cumulative counts for each district are not reported in bulletin,
148,DL,Delhi,DL_North East Delhi,North East Delhi,25,25,0,0,0,0,0,0,0,District-wise numbers are out-dated as cumulative counts for each district are not reported in bulletin,
149,DL,Delhi,DL_North West Delhi,North West Delhi,32,31,0,1,0,0,0,0,0,District-wise numbers are out-dated as cumulative counts for each district are not reported in bulletin,
150,DL,Delhi,DL_Shahdara,Shahdara,48,48,0,0,0,0,0,0,0,District-wise numbers are out-dated as cumulative counts for each district are not reported in bulletin,
151,DL,Delhi,DL_South Delhi,South Delhi,70,70,0,0,0,0,0,0,0,District-wise numbers are out-dated as cumulative counts for each district are not reported in bulletin,
152,DL,Delhi,DL_South East Delhi,South East Delhi,130,130,0,0,0,0,0,0,0,District-wise numbers are out-dated as cumulative counts for each district are not reported in bulletin,
153,DL,Delhi,DL_South West Delhi,South West Delhi,42,42,0,0,0,0,0,0,0,District-wise numbers are out-dated as cumulative counts for each district are not reported in bulletin,
154,DL,Delhi,DL_West Delhi,West Delhi,122,122,0,0,0,0,0,0,0,District-wise numbers are out-dated as cumulative counts for each district are not reported in bulletin,
0,DN,Dadra and Nagar Haveli and Daman and Diu,DN_Other State,Other State,0,0,0,0,0,0,0,0,0,,
141,DN,Dadra and Nagar Haveli and Daman and Diu,DN_Dadra and Nagar Haveli,Dadra and Nagar Haveli,6175,137,6030,3,5,0,0,0,0,,
142,DN,Dadra and Nagar Haveli and Daman and Diu,DN_Daman,Daman,3776,100,3649,1,26,15,-1,16,0,,
143,DN,Dadra and Nagar Haveli and Daman and Diu,DN_Diu,Diu,1256,14,1242,0,0,0,0,0,0,,
0,GA,Goa,GA_Other State,Other State,200,9,190,1,0,0,0,0,0,District-wise numbers are out-dated as cumulative counts for each district are not reported in bulletin,
155,GA,Goa,GA_North Goa,North Goa,2668,1639,964,65,0,0,0,0,0,District-wise numbers are out-dated as cumulative counts for each district are not reported in bulletin,
156,GA,Goa,GA_South Goa,South Goa,3511,1978,1407,126,0,0,0,0,0,District-wise numbers are out-dated as cumulative counts for each district are not reported in bulletin,
0,GJ,Gujarat,GJ_Other State,Other State,162,0,159,3,0,0,0,0,0,,
157,GJ,Gujarat,GJ_Ahmedabad,Ahmedabad,313547,43706,266399,3442,0,0,0,0,0,,
158,GJ,Gujarat,GJ_Amreli,Amreli,11574,410,11061,103,0,0,0,0,0,,
159,GJ,Gujarat,GJ_Anand,Anand,12334,1456,10827,51,0,0,0,0,0,,
160,GJ,Gujarat,GJ_Aravalli,Aravalli,5354,61,5214,79,0,0,0,0,0,,
161,GJ,Gujarat,GJ_Banaskantha,Banaskantha,14904,909,13833,162,0,0,0,0,0,,
162,GJ,Gujarat,GJ_Bharuch,Bharuch,14396,1509,12768,119,0,0,0,0,0,,
163,GJ,Gujarat,GJ_Bhavnagar,Bhavnagar,25818,2983,22527,308,0,0,0,0,0,,
164,GJ,Gujarat,GJ_Botad,Botad,2266,42,2182,42,0,0,0,0,0,,
165,GJ,Gujarat,GJ_Chhota Udaipur,Chhota Udaipur,3436,25,3373,38,0,0,0,0,0,,
167,GJ,Gujarat,GJ_Dahod,Dahod,10552,382,10132,38,0,0,0,0,0,,
187,GJ,Gujarat,GJ_Dang,Dang,917,30,869,18,0,0,0,0,0,,
166,GJ,Gujarat,GJ_Devbhumi Dwarka,Devbhumi Dwarka,4682,274,4325,83,0,0,0,0,0,,
168,GJ,Gujarat,GJ_Gandhinagar,Gandhinagar,26370,3574,22590,206,0,0,0,0,0,,
169,GJ,Gujarat,GJ_Gir Somnath,Gir Somnath,9223,354,8802,67,0,0,0,0,0,,
170,GJ,Gujarat,GJ_Jamnagar,Jamnagar,38412,2401,35527,484,0,0,0,0,0,,
171,GJ,Gujarat,GJ_Junagadh,Junagadh,21628,356,21000,272,0,0,0,0,0,,
173,GJ,Gujarat,GJ_Kheda,Kheda,12176,442,11683,51,0,0,0,0,0,,
172,GJ,Gujarat,GJ_Kutch,Kutch,15096,1228,13723,145,0,0,0,0,0,,
175,GJ,Gujarat,GJ_Mahisagar,Mahisagar,8552,153,8327,72,0,0,0,0,0,,
174,GJ,Gujarat,GJ_Mehsana,Mehsana,26669,1535,24957,177,0,0,0,0,0,,
176,GJ,Gujarat,GJ_Morbi,Morbi,8416,1386,6943,87,0,0,0,0,0,,
177,GJ,Gujarat,GJ_Narmada,Narmada,6291,245,6031,15,0,0,0,0,0,,
178,GJ,Gujarat,GJ_Navsari,Navsari,9975,1471,8473,31,0,0,0,0,0,,
179,GJ,Gujarat,GJ_Panchmahal,Panchmahal,12372,313,11988,71,0,0,0,0,0,,
180,GJ,Gujarat,GJ_Patan,Patan,12809,951,11729,129,0,0,0,0,0,,
181,GJ,Gujarat,GJ_Porbandar,Porbandar,3850,294,3534,22,0,0,0,0,0,,
182,GJ,Gujarat,GJ_Rajkot,Rajkot,69414,7653,61025,736,0,0,0,0,0,,
183,GJ,Gujarat,GJ_Sabarkantha,Sabarkantha,10079,361,9559,159,0,0,0,0,0,,
184,GJ,Gujarat,GJ_Surat,Surat,188430,25689,160757,1984,0,0,0,0,0,,
185,GJ,Gujarat,GJ_Surendranagar,Surendranagar,9029,685,8208,136,0,0,0,0,0,,
186,GJ,Gujarat,GJ_Tapi,Tapi,4818,246,4546,26,0,0,0,0,0,,
188,GJ,Gujarat,GJ_Vadodara,Vadodara,98569,13374,84404,791,0,0,0,0,0,,
189,GJ,Gujarat,GJ_Valsad,Valsad,10668,2345,8255,68,0,0,0,0,0,,
212,HP,Himachal Pradesh,HP_Bilaspur,Bilaspur,16157,951,15115,90,1,0,0,0,0,,
213,HP,Himachal Pradesh,HP_Chamba,Chamba,14517,458,13893,164,2,0,0,0,0,,
214,HP,Himachal Pradesh,HP_Hamirpur,Hamirpur,20569,1246,19013,309,1,0,0,0,0,,
215,HP,Himachal Pradesh,HP_Kangra,Kangra,57774,2648,53928,1193,5,0,0,0,0,,
216,HP,Himachal Pradesh,HP_Kinnaur,Kinnaur,4043,361,3643,39,0,0,0,0,0,,
217,HP,Himachal Pradesh,HP_Kullu,Kullu,11043,712,10144,158,29,0,0,0,0,,
218,HP,Himachal Pradesh,HP_Lahaul and Spiti,Lahaul and Spiti,3034,46,2970,18,0,0,0,0,0,,
219,HP,Himachal Pradesh,HP_Mandi,Mandi,35155,2122,32566,467,0,0,0,0,0,,
220,HP,Himachal Pradesh,HP_Shimla,Shimla,32451,2678,29102,667,4,0,0,0,0,,
221,HP,Himachal Pradesh,HP_Sirmaur,Sirmaur,17847,1933,15699,215,0,0,0,0,0,,
222,HP,Himachal Pradesh,HP_Solan,Solan,27763,2501,24942,320,0,0,0,0,0,,
223,HP,Himachal Pradesh,HP_Una,Una,16997,1415,15312,268,2,0,0,0,0,,
0,HR,Haryana,HR_Foreign Evacuees,Foreign Evacuees,0,0,0,0,0,0,0,0,0,,
190,HR,Haryana,HR_Ambala,Ambala,37224,3983,32720,521,0,0,0,0,0,,
191,HR,Haryana,HR_Bhiwani,Bhiwani,23793,858,22281,654,0,0,0,0,0,,
192,HR,Haryana,HR_Charkhi Dadri,Charkhi Dadri,5707,312,5256,139,0,0,0,0,0,,
193,HR,Haryana,HR_Faridabad,Faridabad,117679,11618,105339,722,0,0,0,0,0,,
194,HR,Haryana,HR_Fatehabad,Fatehabad,18781,488,17808,485,0,0,0,0,0,,
195,HR,Haryana,HR_Gurugram,Gurugram,230244,25306,203997,941,0,0,0,0,0,,
196,HR,Haryana,HR_Hisar,Hisar,57168,1645,54383,1140,0,0,0,0,0,,
0,HR,Haryana,HR_Italians,Italians,0,0,0,0,0,0,0,0,0,,
197,HR,Haryana,HR_Jhajjar,Jhajjar,21182,810,20044,328,0,0,0,0,0,,
198,HR,Haryana,HR_Jind,Jind,22672,703,21434,535,0,0,0,0,0,,
199,HR,Haryana,HR_Kaithal,Kaithal,12510,867,11293,350,0,0,0,0,0,,
200,HR,Haryana,HR_Karnal,Karnal,45558,2808,42182,568,0,0,0,0,0,,
201,HR,Haryana,HR_Kurukshetra,Kurukshetra,24372,835,23176,361,0,0,0,0,0,,
202,HR,Haryana,HR_Mahendragarh,Mahendragarh,22486,476,21854,156,0,0,0,0,0,,
203,HR,Haryana,HR_Nuh,Nuh,5398,124,5149,125,0,0,0,0,0,,
204,HR,Haryana,HR_Palwal,Palwal,11335,197,10985,153,0,0,0,0,0,,
205,HR,Haryana,HR_Panchkula,Panchkula,39285,2111,36790,384,0,0,0,0,0,,
206,HR,Haryana,HR_Panipat,Panipat,34103,1598,31865,640,0,0,0,0,0,,
207,HR,Haryana,HR_Rewari,Rewari,22499,1046,21232,221,0,0,0,0,0,,
208,HR,Haryana,HR_Rohtak,Rohtak,28946,1281,27131,534,0,0,0,0,0,,
209,HR,Haryana,HR_Sirsa,Sirsa,31088,925,29652,511,0,0,0,0,0,,
210,HR,Haryana,HR_Sonipat,Sonipat,53428,2922,50248,258,0,0,0,0,0,,
211,HR,Haryana,HR_Yamunanagar,Yamunanagar,27092,1126,25538,428,0,0,0,0,0,,
246,JH,Jharkhand,JH_Bokaro,Bokaro,22670,567,21809,294,0,0,0,0,0,,
247,JH,Jharkhand,JH_Chatra,Chatra,7448,631,6764,53,0,0,0,0,0,,
248,JH,Jharkhand,JH_Deoghar,Deoghar,13575,468,12990,117,0,0,0,0,0,,
249,JH,Jharkhand,JH_Dhanbad,Dhanbad,19490,412,18691,387,0,0,0,0,0,,
250,JH,Jharkhand,JH_Dumka,Dumka,6493,434,6012,47,0,0,0,0,0,,
264,JH,Jharkhand,JH_East Singhbhum,East Singhbhum,65490,4409,59983,1098,0,0,0,0,0,,
251,JH,Jharkhand,JH_Garhwa,Garhwa,7564,201,7269,94,0,0,0,0,0,,
252,JH,Jharkhand,JH_Giridih,Giridih,9314,91,9093,130,0,0,0,0,0,,
253,JH,Jharkhand,JH_Godda,Godda,6964,495,6381,88,0,0,0,0,0,,
254,JH,Jharkhand,JH_Gumla,Gumla,10754,281,10434,39,0,0,0,0,0,,
255,JH,Jharkhand,JH_Hazaribagh,Hazaribagh,22464,1478,20796,190,0,0,0,0,0,,
256,JH,Jharkhand,JH_Jamtara,Jamtara,6111,75,5975,61,0,0,0,0,0,,
257,JH,Jharkhand,JH_Khunti,Khunti,8988,392,8497,99,0,0,0,0,0,,
258,JH,Jharkhand,JH_Koderma,Koderma,14539,283,14118,138,0,0,0,0,0,,
259,JH,Jharkhand,JH_Latehar,Latehar,8384,221,8105,58,0,0,0,0,0,,
260,JH,Jharkhand,JH_Lohardaga,Lohardaga,7481,255,7138,88,0,0,0,0,0,,
261,JH,Jharkhand,JH_Pakur,Pakur,2836,117,2707,12,0,0,0,0,0,,
262,JH,Jharkhand,JH_Palamu,Palamu,13863,752,13000,111,0,0,0,0,0,,
265,JH,Jharkhand,JH_Ramgarh,Ramgarh,15940,469,15271,200,0,0,0,0,0,,
266,JH,Jharkhand,JH_Ranchi,Ranchi,109548,10483,97466,1599,0,0,0,0,0,,
267,JH,Jharkhand,JH_Sahibganj,Sahibganj,5693,198,5453,42,0,0,0,0,0,,
268,JH,Jharkhand,JH_Saraikela-Kharsawan,Saraikela-Kharsawan,8000,494,7434,72,0,0,0,0,0,,
269,JH,Jharkhand,JH_Simdega,Simdega,8509,230,8187,92,0,0,0,0,0,,
263,JH,Jharkhand,JH_West Singhbhum,West Singhbhum,15285,334,14816,135,0,0,0,0,0,,
224,JK,Jammu and Kashmir,JK_Anantnag,Anantnag,18570,1781,16577,212,0,0,0,0,0,,
226,JK,Jammu and Kashmir,JK_Bandipora,Bandipora,11508,1108,10289,111,0,0,0,0,0,,
227,JK,Jammu and Kashmir,JK_Baramulla,Baramulla,31564,5213,26059,292,0,0,0,0,0,,
225,JK,Jammu and Kashmir,JK_Budgam,Budgam,28513,2891,25400,222,0,0,0,0,0,,
228,JK,Jammu and Kashmir,JK_Doda,Doda,8540,410,7991,139,0,0,0,0,0,,
229,JK,Jammu and Kashmir,JK_Ganderbal,Ganderbal,11946,852,11012,82,0,0,0,0,0,,
230,JK,Jammu and Kashmir,JK_Jammu,Jammu,63853,7540,55133,1180,0,0,0,0,0,,
231,JK,Jammu and Kashmir,JK_Kathua,Kathua,10397,605,9635,157,0,0,0,0,0,,
232,JK,Jammu and Kashmir,JK_Kishtwar,Kishtwar,5080,103,4933,44,0,0,0,0,0,,
233,JK,Jammu and Kashmir,JK_Kulgam,Kulgam,12758,947,11693,118,0,0,0,0,0,,
234,JK,Jammu and Kashmir,JK_Kupwara,Kupwara,16346,951,15225,170,0,0,0,0,0,,
235,JK,Jammu and Kashmir,JK_Mirpur,Mirpur,0,0,0,0,0,0,0,0,0,,
236,JK,Jammu and Kashmir,JK_Muzaffarabad,Muzaffarabad,0,0,0,0,0,0,0,0,0,,
237,JK,Jammu and Kashmir,JK_Pulwama,Pulwama,16715,838,15682,195,0,0,0,0,0,,
238,JK,Jammu and Kashmir,JK_Punch,Punch,7137,342,6691,104,0,0,0,0,0,,
239,JK,Jammu and Kashmir,JK_Rajouri,Rajouri,12008,448,11318,242,0,0,0,0,0,,
240,JK,Jammu and Kashmir,JK_Ramban,Ramban,6347,167,6112,68,0,0,0,0,0,,
241,JK,Jammu and Kashmir,JK_Reasi,Reasi,8098,428,7626,44,0,0,0,0,0,,
242,JK,Jammu and Kashmir,JK_Samba,Samba,7985,547,7318,120,0,0,0,0,0,,
243,JK,Jammu and Kashmir,JK_Shopiyan,Shopiyan,5775,155,5561,59,0,0,0,0,0,,
244,JK,Jammu and Kashmir,JK_Srinagar,Srinagar,88362,8544,78929,889,0,0,0,0,0,,
245,JK,Jammu and Kashmir,JK_Udhampur,Udhampur,12879,1012,11724,143,0,0,0,0,0,,
270,KA,Karnataka,KA_Bagalkote,Bagalkote,35885,424,35126,335,0,0,0,0,0,,
271,KA,Karnataka,KA_Ballari,Ballari,103820,5276,96855,1689,0,0,0,0,0,,
272,KA,Karnataka,KA_Belagavi,Belagavi,84512,3659,79902,951,0,0,0,0,0,,
274,KA,Karnataka,KA_Bengaluru Rural,Bengaluru Rural,69615,6024,62695,896,0,0,0,0,0,,
273,KA,Karnataka,KA_Bengaluru Urban,Bengaluru Urban,1542092,223580,1302027,16484,1,0,0,0,0,,
275,KA,Karnataka,KA_Bidar,Bidar,26447,1434,24603,406,4,0,0,0,0,,
276,KA,Karnataka,KA_Chamarajanagara,Chamarajanagara,35446,1716,33214,505,11,0,0,0,0,,
277,KA,Karnataka,KA_Chikkaballapura,Chikkaballapura,48117,3731,43948,437,1,0,0,0,0,,
278,KA,Karnataka,KA_Chikkamagaluru,Chikkamagaluru,54048,1999,51651,398,0,0,0,0,0,,
279,KA,Karnataka,KA_Chitradurga,Chitradurga,39442,2386,36842,214,0,0,0,0,0,,
280,KA,Karnataka,KA_Dakshina Kannada,Dakshina Kannada,126159,5900,118543,1709,7,0,0,0,0,,
281,KA,Karnataka,KA_Davanagere,Davanagere,52948,1433,50906,609,0,0,0,0,0,,
282,KA,Karnataka,KA_Dharwad,Dharwad,67755,3443,62982,1328,2,0,0,0,0,,
283,KA,Karnataka,KA_Gadag,Gadag,27583,1175,26087,321,0,0,0,0,0,,
284,KA,Karnataka,KA_Hassan,Hassan,125147,9358,114519,1268,2,0,0,0,0,,
285,KA,Karnataka,KA_Haveri,Haveri,22441,311,21485,645,0,0,0,0,0,,
286,KA,Karnataka,KA_Kalaburagi,Kalaburagi,67988,4650,62505,833,0,0,0,0,0,,
287,KA,Karnataka,KA_Kodagu,Kodagu,39438,1043,38056,338,1,0,0,0,0,,
288,KA,Karnataka,KA_Kolar,Kolar,52436,3200,48592,644,0,0,0,0,0,,
289,KA,Karnataka,KA_Koppal,Koppal,36554,1070,34956,528,0,0,0,0,0,,
290,KA,Karnataka,KA_Mandya,Mandya,84146,5602,77884,660,0,0,0,0,0,,
291,KA,Karnataka,KA_Mysuru,Mysuru,194070,8976,182644,2450,0,0,0,0,0,,
0,KA,Karnataka,KA_Other State,Other State,36,0,33,3,0,0,0,0,0,,
292,KA,Karnataka,KA_Raichur,Raichur,41874,1537,40002,335,0,0,0,0,0,,
293,KA,Karnataka,KA_Ramanagara,Ramanagara,26534,1702,24504,328,0,0,0,0,0,,
294,KA,Karnataka,KA_Shivamogga,Shivamogga,73554,2801,69660,1092,1,0,0,0,0,,
295,KA,Karnataka,KA_Tumakuru,Tumakuru,135212,11022,123039,1151,0,0,0,0,0,,
296,KA,Karnataka,KA_Udupi,Udupi,84804,5825,78484,495,0,0,0,0,0,,
297,KA,Karnataka,KA_Uttara Kannada,Uttara Kannada,61145,2421,57942,782,0,0,0,0,0,,
298,KA,Karnataka,KA_Vijayapura,Vijayapura,37734,1036,36201,497,0,0,0,0,0,,
299,KA,Karnataka,KA_Yadgir,Yadgir,28020,409,27405,206,0,0,0,0,0,,
0,KL,Kerala,KL_Other State,Other State,0,0,0,0,0,0,0,0,0,,
300,KL,Kerala,KL_Alappuzha,Alappuzha,340762,7317,329478,3927,40,2168,1584,567,17,,
301,KL,Kerala,KL_Ernakulam,Ernakulam,705723,41237,658353,6063,70,8143,4806,3324,13,,
302,KL,Kerala,KL_Idukki,Idukki,169666,9977,158652,1028,9,1637,1172,465,0,,
303,KL,Kerala,KL_Kannur,Kannur,308748,10789,294174,3732,53,1673,665,1003,5,,
304,KL,Kerala,KL_Kasaragod,Kasaragod,150309,6228,143032,1032,17,623,466,153,4,,
305,KL,Kerala,KL_Kollam,Kollam,432748,10189,417422,5080,57,2882,-199,3080,1,,
306,KL,Kerala,KL_Kottayam,Kottayam,369023,15007,351012,2986,18,3053,2032,1021,0,,
307,KL,Kerala,KL_Kozhikode,Kozhikode,593157,20962,567462,4689,44,4385,2756,1567,62,,
308,KL,Kerala,KL_Malappuram,Malappuram,595166,10928,580345,3861,32,2431,1706,720,5,,
309,KL,Kerala,KL_Palakkad,Palakkad,401487,16286,380928,4249,24,2607,1914,687,6,,
310,KL,Kerala,KL_Pathanamthitta,Pathanamthitta,224374,14045,208436,1882,11,2012,1301,709,2,,
311,KL,Kerala,KL_Thiruvananthapuram,Thiruvananthapuram,582178,57173,518168,6723,114,7430,3253,4163,14,,
312,KL,Kerala,KL_Thrissur,Thrissur,582279,21523,555036,5694,26,5120,2076,3041,3,,
313,KL,Kerala,KL_Wayanad,Wayanad,142028,5748,135473,793,14,972,148,824,0,,
314,LA,Ladakh,LA_Kargil,Kargil,4079,203,3818,58,0,0,0,0,0,,
315,LA,Ladakh,LA_Leh,Leh,20134,898,19072,164,0,0,0,0,0,,
316,LD,Lakshadweep,LD_Lakshadweep,Lakshadweep,10673,260,10319,50,44,0,0,0,0,,
369,MH,Maharashtra,MH_Ahmednagar,Ahmednagar,354594,8621,338788,7174,11,0,0,0,0,,
370,MH,Maharashtra,MH_Akola,Akola,62530,2290,58806,1430,4,0,0,0,0,,
371,MH,Maharashtra,MH_Amravati,Amravati,99048,2424,95022,1600,2,0,0,0,0,,
372,MH,Maharashtra,MH_Aurangabad,Aurangabad,164403,5712,154412,4265,14,0,0,0,0,,
374,MH,Maharashtra,MH_Beed,Beed,105802,1129,101820,2846,7,0,0,0,0,,
373,MH,Maharashtra,MH_Bhandara,Bhandara,62168,1437,59597,1124,10,0,0,0,0,,
375,MH,Maharashtra,MH_Buldhana,Buldhana,86872,1228,84824,814,6,0,0,0,0,,
376,MH,Maharashtra,MH_Chandrapur,Chandrapur,93084,2926,88586,1568,4,0,0,0,0,,
377,MH,Maharashtra,MH_Dhule,Dhule,48445,1676,46101,657,11,0,0,0,0,,
378,MH,Maharashtra,MH_Gadchiroli,Gadchiroli,32199,1088,30406,672,33,0,0,0,0,,
379,MH,Maharashtra,MH_Gondia,Gondia,42487,1160,40747,573,7,0,0,0,0,,
380,MH,Maharashtra,MH_Hingoli,Hingoli,19329,543,18277,508,1,0,0,0,0,,
381,MH,Maharashtra,MH_Jalgaon,Jalgaon,143891,3034,138107,2717,33,0,0,0,0,,
382,MH,Maharashtra,MH_Jalna,Jalna,62624,1283,60122,1218,1,0,0,0,0,,
383,MH,Maharashtra,MH_Kolhapur,Kolhapur,212815,3669,203283,5858,5,0,0,0,0,,
384,MH,Maharashtra,MH_Latur,Latur,98527,3608,92460,2453,6,0,0,0,0,,
385,MH,Maharashtra,MH_Mumbai,Mumbai,1027797,14178,994441,16512,2666,0,0,0,0,"[Sep 9]After reconciling COVID-19 cases in Mumbai, owing to the removal of duplicates and change of addresses as per the original residence, 239 cases have been removed from the progressive figures.",
386,MH,Maharashtra,MH_Mumbai Suburban,Mumbai Suburban,0,0,0,0,0,0,0,0,0,,
387,MH,Maharashtra,MH_Nagpur,Nagpur,526092,18679,498212,9130,71,0,0,0,0,District administration provides number of persons tested instead of the number of samples tested.,
388,MH,Maharashtra,MH_Nanded,Nanded,96607,3812,90125,2663,7,0,0,0,0,Number of active cases differs in the state bulletin and district bulletin. We follow the state bulletin.,
389,MH,Maharashtra,MH_Nandurbar,Nandurbar,42070,1910,39207,950,3,0,0,0,0,,
390,MH,Maharashtra,MH_Nashik,Nashik,443048,14827,419443,8777,1,0,0,0,0,Number of active cases differs in the state bulletin and district bulletin. We follow the state bulletin.,
391,MH,Maharashtra,MH_Osmanabad,Osmanabad,70532,1278,67146,1992,116,0,0,0,0,,
0,MH,Maharashtra,MH_Other State,Other State,144,0,31,111,2,0,0,0,0,,
392,MH,Maharashtra,MH_Palghar,Palghar,159346,3271,152707,3353,15,0,0,0,0,,
393,MH,Maharashtra,MH_Parbhani,Parbhani,54359,1216,51888,1236,19,0,0,0,0,,
394,MH,Maharashtra,MH_Pune,Pune,1315570,78846,1216470,19904,350,0,0,0,0,Number of active cases differs in the state bulletin and district bulletin. We follow the state bulletin.,
395,MH,Maharashtra,MH_Raigad,Raigad,233866,14299,214708,4852,7,0,0,0,0,Number of active cases differs in the state bulletin and district bulletin. We follow the state bulletin.,
396,MH,Maharashtra,MH_Ratnagiri,Ratnagiri,82251,1299,78445,2502,5,0,0,0,0,,
397,MH,Maharashtra,MH_Sangli,Sangli,217888,5059,207179,5641,9,0,0,0,0,,
398,MH,Maharashtra,MH_Satara,Satara,264521,7263,250704,6522,32,0,0,0,0,,
399,MH,Maharashtra,MH_Sindhudurg,Sindhudurg,55382,1348,52562,1457,15,0,0,0,0,,
400,MH,Maharashtra,MH_Solapur,Solapur,217732,4072,207918,5629,113,0,0,0,0,,
401,MH,Maharashtra,MH_Thane,Thane,743126,46985,684449,11657,35,0,0,0,0,,
402,MH,Maharashtra,MH_Wardha,Wardha,60288,2194,56709,1220,165,0,0,0,0,,
403,MH,Maharashtra,MH_Washim,Washim,42605,655,41310,637,3,0,0,0,0,,
404,MH,Maharashtra,MH_Yavatmal,Yavatmal,77985,1369,74811,1801,4,0,0,0,0,,
421,ML,Meghalaya,ML_East Garo Hills,East Garo Hills,1933,13,1904,16,0,0,0,0,0,,
422,ML,Meghalaya,ML_East Jaintia Hills,East Jaintia Hills,2496,39,2425,32,0,3,3,0,0,,
423,ML,Meghalaya,ML_East Khasi Hills,East Khasi Hills,44419,1377,42024,1018,0,304,160,143,1,,
424,ML,Meghalaya,ML_North Garo Hills,North Garo Hills,1699,12,1679,8,0,1,1,0,0,,
425,ML,Meghalaya,ML_Ribhoi,Ribhoi,9914,125,9699,90,0,16,2,14,0,,
426,ML,Meghalaya,ML_South Garo Hills,South Garo Hills,1238,17,1209,12,0,2,2,0,0,,
427,ML,Meghalaya,ML_South West Garo Hills,South West Garo Hills,1888,15,1855,18,0,0,0,0,0,,
428,ML,Meghalaya,ML_South West Khasi Hills,South West Khasi Hills,2570,16,2537,17,0,1,0,1,0,,
429,ML,Meghalaya,ML_West Garo Hills,West Garo Hills,9506,277,9156,73,0,56,34,22,0,,
430,ML,Meghalaya,ML_West Jaintia Hills,West Jaintia Hills,6902,63,6703,136,0,14,14,0,0,,
431,ML,Meghalaya,ML_West Khasi Hills,West Khasi Hills,5552,30,5448,74,0,6,5,1,0,,
0,MN,Manipur,MN_CAPF Personnel,CAPF Personnel,3537,1854,1681,2,0,0,0,0,0,,
405,MN,Manipur,MN_Bishnupur,Bishnupur,9269,9025,58,186,0,15,15,0,0,,
406,MN,Manipur,MN_Chandel,Chandel,2153,2108,4,41,0,8,7,0,1,,
407,MN,Manipur,MN_Churachandpur,Churachandpur,10118,9902,58,158,0,35,35,0,0,,
408,MN,Manipur,MN_Imphal East,Imphal East,27856,27234,150,472,0,94,93,0,1,,
409,MN,Manipur,MN_Imphal West,Imphal West,44553,43867,52,634,0,143,142,0,1,,
410,MN,Manipur,MN_Jiribam,Jiribam,972,964,2,6,0,5,5,0,0,,
411,MN,Manipur,MN_Kakching,Kakching,6451,6310,27,114,0,17,17,0,0,,
412,MN,Manipur,MN_Kamjong,Kamjong,890,869,17,4,0,1,1,0,0,,
413,MN,Manipur,MN_Kangpokpi,Kangpokpi,2394,2315,19,60,0,63,63,0,0,,
414,MN,Manipur,MN_Noney,Noney,1006,984,18,4,0,0,0,0,0,,
415,MN,Manipur,MN_Pherzawl,Pherzawl,465,450,15,0,0,0,0,0,0,,
416,MN,Manipur,MN_Senapati,Senapati,2052,2021,21,10,0,4,4,0,0,,
417,MN,Manipur,MN_Tamenglong,Tamenglong,3191,3146,32,13,0,2,2,0,0,,
418,MN,Manipur,MN_Tengnoupal,Tengnoupal,946,922,13,11,0,0,0,0,0,,
419,MN,Manipur,MN_Thoubal,Thoubal,9457,9267,23,167,0,15,15,0,0,,
420,MN,Manipur,MN_Ukhrul,Ukhrul,2653,2589,18,46,0,1,1,0,0,,
317,MP,Madhya Pradesh,MP_Agar Malwa,Agar Malwa,3319,5,3244,70,0,0,0,0,0,,
318,MP,Madhya Pradesh,MP_Alirajpur,Alirajpur,3787,204,3531,52,0,0,0,0,0,,
319,MP,Madhya Pradesh,MP_Anuppur,Anuppur,9722,349,9254,119,0,0,0,0,0,,
320,MP,Madhya Pradesh,MP_Ashoknagar,Ashoknagar,3988,289,3642,57,0,0,0,0,0,,
321,MP,Madhya Pradesh,MP_Balaghat,Balaghat,9407,153,9184,70,0,0,0,0,0,,
322,MP,Madhya Pradesh,MP_Barwani,Barwani,9000,494,8330,176,0,0,0,0,0,,
323,MP,Madhya Pradesh,MP_Betul,Betul,13679,505,12879,295,0,0,0,0,0,,
324,MP,Madhya Pradesh,MP_Bhind,Bhind,3411,340,3039,32,0,0,0,0,0,,
325,MP,Madhya Pradesh,MP_Bhopal,Bhopal,138852,9800,128044,1008,0,0,0,0,0,,
326,MP,Madhya Pradesh,MP_Burhanpur,Burhanpur,2895,178,2678,39,0,0,0,0,0,,
327,MP,Madhya Pradesh,MP_Chhatarpur,Chhatarpur,8108,211,7783,114,0,0,0,0,0,,
328,MP,Madhya Pradesh,MP_Chhindwara,Chhindwara,7274,376,6778,120,0,0,0,0,0,,
329,MP,Madhya Pradesh,MP_Damoh,Damoh,8633,255,8128,250,0,0,0,0,0,,
330,MP,Madhya Pradesh,MP_Datia,Datia,7796,548,7095,153,0,0,0,0,0,,
331,MP,Madhya Pradesh,MP_Dewas,Dewas,7976,241,7684,51,0,0,0,0,0,,
332,MP,Madhya Pradesh,MP_Dhar,Dhar,13698,743,12641,314,0,0,0,0,0,,
333,MP,Madhya Pradesh,MP_Dindori,Dindori,4718,73,4616,29,0,0,0,0,0,,
335,MP,Madhya Pradesh,MP_Guna,Guna,5522,303,5137,82,0,0,0,0,0,,
336,MP,Madhya Pradesh,MP_Gwalior,Gwalior,60440,4216,55490,734,0,0,0,0,0,,
337,MP,Madhya Pradesh,MP_Harda,Harda,5208,150,4959,99,0,0,0,0,0,,
338,MP,Madhya Pradesh,MP_Hoshangabad,Hoshangabad,11366,490,10746,130,0,0,0,0,0,,
339,MP,Madhya Pradesh,MP_Indore,Indore,177010,17887,157723,1400,0,0,0,0,0,,
340,MP,Madhya Pradesh,MP_Jabalpur,Jabalpur,56320,3594,51952,774,0,0,0,0,0,,
341,MP,Madhya Pradesh,MP_Jhabua,Jhabua,8256,482,7688,86,0,0,0,0,0,,
342,MP,Madhya Pradesh,MP_Katni,Katni,9925,448,9347,130,0,0,0,0,0,,
334,MP,Madhya Pradesh,MP_Khandwa,Khandwa,4905,453,4357,95,0,0,0,0,0,,
368,MP,Madhya Pradesh,MP_Khargone,Khargone,15199,841,14006,352,0,0,0,0,0,,
343,MP,Madhya Pradesh,MP_Mandla,Mandla,5332,90,5206,36,0,0,0,0,0,,
344,MP,Madhya Pradesh,MP_Mandsaur,Mandsaur,8785,76,8579,130,0,0,0,0,0,,
345,MP,Madhya Pradesh,MP_Morena,Morena,8918,475,8341,102,0,0,0,0,0,,
346,MP,Madhya Pradesh,MP_Narsinghpur,Narsinghpur,11540,128,11328,84,0,0,0,0,0,,
347,MP,Madhya Pradesh,MP_Neemuch,Neemuch,8349,206,7886,257,0,0,0,0,0,,
348,MP,Madhya Pradesh,MP_Niwari,Niwari,4027,249,3730,48,0,0,0,0,0,,
0,MP,Madhya Pradesh,MP_Other Region,Other Region,0,0,0,0,0,0,0,0,0,,
349,MP,Madhya Pradesh,MP_Panna,Panna,7470,126,7281,63,0,0,0,0,0,,
350,MP,Madhya Pradesh,MP_Raisen,Raisen,9789,392,9203,194,0,0,0,0,0,,
351,MP,Madhya Pradesh,MP_Rajgarh,Rajgarh,9036,233,8620,183,0,0,0,0,0,,
352,MP,Madhya Pradesh,MP_Ratlam,Ratlam,19048,816,17847,385,0,0,0,0,0,,
353,MP,Madhya Pradesh,MP_Rewa,Rewa,17330,711,16463,156,0,0,0,0,0,,
354,MP,Madhya Pradesh,MP_Sagar,Sagar,19446,2081,16929,436,0,0,0,0,0,,
355,MP,Madhya Pradesh,MP_Satna,Satna,12340,287,11920,133,0,0,0,0,0,,
356,MP,Madhya Pradesh,MP_Sehore,Sehore,10990,691,10176,123,0,0,0,0,0,,
357,MP,Madhya Pradesh,MP_Seoni,Seoni,7069,214,6827,28,0,0,0,0,0,,
358,MP,Madhya Pradesh,MP_Shahdol,Shahdol,11098,634,10295,169,0,0,0,0,0,,
359,MP,Madhya Pradesh,MP_Shajapur,Shajapur,6514,93,6296,125,0,0,0,0,0,,
360,MP,Madhya Pradesh,MP_Sheopur,Sheopur,4208,153,3977,78,0,0,0,0,0,,
361,MP,Madhya Pradesh,MP_Shivpuri,Shivpuri,13172,537,12448,187,0,0,0,0,0,,
362,MP,Madhya Pradesh,MP_Sidhi,Sidhi,9386,145,9152,89,0,0,0,0,0,,
363,MP,Madhya Pradesh,MP_Singrauli,Singrauli,9107,209,8815,83,0,0,0,0,0,,
364,MP,Madhya Pradesh,MP_Tikamgarh,Tikamgarh,7148,124,6909,115,0,0,0,0,0,,
365,MP,Madhya Pradesh,MP_Ujjain,Ujjain,21186,1617,19397,172,0,0,0,0,0,,
366,MP,Madhya Pradesh,MP_Umaria,Umaria,6673,264,6334,75,0,0,0,0,0,,
367,MP,Madhya Pradesh,MP_Vidisha,Vidisha,13257,906,12076,275,0,0,0,0,0,,
432,MZ,Mizoram,MZ_Aizawl,Aizawl,90800,3940,86479,381,0,0,0,0,0,,
433,MZ,Mizoram,MZ_Champhai,Champhai,7607,350,7233,24,0,0,0,0,0,,
729,MZ,Mizoram,MZ_Hnahthial,Hnahthial,2200,382,1812,6,0,0,0,0,0,,
730,MZ,Mizoram,MZ_Khawzawl,Khawzawl,3059,389,2665,5,0,0,0,0,0,,
434,MZ,Mizoram,MZ_Kolasib,Kolasib,9053,379,8637,37,0,0,0,0,0,,
435,MZ,Mizoram,MZ_Lawngtlai,Lawngtlai,7748,162,7559,27,0,0,0,0,0,,
436,MZ,Mizoram,MZ_Lunglei,Lunglei,13173,700,12441,32,0,0,0,0,0,,
437,MZ,Mizoram,MZ_Mamit,Mamit,7293,699,6578,16,0,0,0,0,0,,
438,MZ,Mizoram,MZ_Saiha,Saiha,6025,75,5930,20,0,0,0,0,0,,
728,MZ,Mizoram,MZ_Saitual,Saitual,2158,539,1614,5,0,0,0,0,0,,
439,MZ,Mizoram,MZ_Serchhip,Serchhip,8137,880,7234,23,0,0,0,0,0,,
0,NL,Nagaland,NL_Others,Others,0,0,0,0,0,0,0,0,0,,
440,NL,Nagaland,NL_Dimapur,Dimapur,15967,484,14112,434,937,91,34,57,0,,
441,NL,Nagaland,NL_Kiphire,Kiphire,268,1,257,9,1,0,0,0,0,,
442,NL,Nagaland,NL_Kohima,Kohima,9651,98,9208,126,219,18,8,10,0,,
443,NL,Nagaland,NL_Longleng,Longleng,307,0,287,2,18,0,0,0,0,,
444,NL,Nagaland,NL_Mokokchung,Mokokchung,2393,8,2260,56,69,0,0,0,0,,
445,NL,Nagaland,NL_Mon,Mon,1163,3,1128,14,18,0,0,0,0,,
446,NL,Nagaland,NL_Peren,Peren,959,28,906,6,19,8,6,2,0,,
447,NL,Nagaland,NL_Phek,Phek,610,5,578,18,9,0,0,0,0,,
448,NL,Nagaland,NL_Tuensang,Tuensang,1117,0,1101,13,3,0,0,0,0,,
449,NL,Nagaland,NL_Wokha,Wokha,414,9,376,11,18,4,4,0,0,,
450,NL,Nagaland,NL_Zunheboto,Zunheboto,629,6,595,16,12,0,0,0,0,,
0,OR,Odisha,OR_State Pool,State Pool,43117,6387,36730,0,0,507,-210,717,0,,
0,OR,Odisha,OR_Others,Others,0,0,0,0,0,0,0,0,0,,
451,OR,Odisha,OR_Angul,Angul,45600,906,44291,403,0,160,29,129,2,,
452,OR,Odisha,OR_Balangir,Balangir,26716,1339,25249,128,0,232,-2,234,0,,
453,OR,Odisha,OR_Balasore,Balasore,45455,2284,42865,306,0,290,-493,783,0,,
454,OR,Odisha,OR_Bargarh,Bargarh,33082,1352,31389,341,0,141,5,136,0,,
456,OR,Odisha,OR_Bhadrak,Bhadrak,28098,1085,26858,155,0,117,-22,138,1,,
455,OR,Odisha,OR_Boudh,Boudh,13403,558,12733,112,0,93,7,86,0,,
457,OR,Odisha,OR_Cuttack,Cuttack,106793,4830,101093,870,0,628,-220,847,1,,
458,OR,Odisha,OR_Deogarh,Deogarh,7318,383,6885,50,0,55,32,23,0,,
459,OR,Odisha,OR_Dhenkanal,Dhenkanal,21063,711,20105,247,0,100,61,39,0,,
460,OR,Odisha,OR_Gajapati,Gajapati,10956,642,10230,84,0,92,-25,117,0,,
461,OR,Odisha,OR_Ganjam,Ganjam,35427,557,34377,493,0,53,-102,155,0,,
462,OR,Odisha,OR_Jagatsinghpur,Jagatsinghpur,30263,1294,28646,323,0,180,-14,194,0,,
463,OR,Odisha,OR_Jajpur,Jajpur,47116,1991,44949,176,0,209,-2,210,1,,
464,OR,Odisha,OR_Jharsuguda,Jharsuguda,26973,831,25962,180,0,144,37,107,0,,
465,OR,Odisha,OR_Kalahandi,Kalahandi,26378,1155,25011,212,0,239,85,154,0,,
466,OR,Odisha,OR_Kandhamal,Kandhamal,12238,470,11685,83,0,109,59,50,0,,
467,OR,Odisha,OR_Kendrapara,Kendrapara,26088,501,25330,257,0,92,2,90,0,,
468,OR,Odisha,OR_Kendujhar,Kendujhar,22708,806,21726,176,0,110,-26,136,0,,
469,OR,Odisha,OR_Khordha,Khordha,225562,29239,194696,1627,0,2528,-638,3166,0,,
470,OR,Odisha,OR_Koraput,Koraput,21441,1255,20105,81,0,203,93,110,0,,
471,OR,Odisha,OR_Malkangiri,Malkangiri,12235,380,11806,49,0,50,1,49,0,,
472,OR,Odisha,OR_Mayurbhanj,Mayurbhanj,45372,1561,43519,292,0,152,-124,275,1,,
473,OR,Odisha,OR_Nabarangapur,Nabarangapur,25490,820,24584,86,0,187,21,166,0,,
474,OR,Odisha,OR_Nayagarh,Nayagarh,25536,832,24489,215,0,194,48,146,0,,
475,OR,Odisha,OR_Nuapada,Nuapada,24387,1443,22858,86,0,205,205,0,0,,
476,OR,Odisha,OR_Puri,Puri,48465,1338,46660,467,0,165,-105,269,1,,
477,OR,Odisha,OR_Rayagada,Rayagada,22575,1024,21384,167,0,221,64,157,0,,
478,OR,Odisha,OR_Sambalpur,Sambalpur,39098,2153,36704,241,0,181,-198,379,0,,
479,OR,Odisha,OR_Subarnapur,Subarnapur,15032,962,14009,61,0,207,61,146,0,,
480,OR,Odisha,OR_Sundargarh,Sundargarh,82155,7717,73839,599,0,1001,-1135,2136,0,,
485,PB,Punjab,PB_Amritsar,Amritsar,55056,4398,49031,1627,0,0,0,0,0,,
486,PB,Punjab,PB_Barnala,Barnala,6749,329,6171,249,0,0,0,0,0,,
487,PB,Punjab,PB_Bathinda,Bathinda,47372,2926,43386,1060,0,0,0,0,0,,
488,PB,Punjab,PB_Faridkot,Faridkot,15195,778,14093,324,0,0,0,0,0,,
489,PB,Punjab,PB_Fatehgarh Sahib,Fatehgarh Sahib,11050,749,9957,344,0,0,0,0,0,,
490,PB,Punjab,PB_Fazilka,Fazilka,21452,948,19970,534,0,0,0,0,0,,
491,PB,Punjab,PB_Ferozepur,Ferozepur,16101,857,14735,509,0,0,0,0,0,,
492,PB,Punjab,PB_Gurdaspur,Gurdaspur,25381,1370,23191,820,0,0,0,0,0,,
493,PB,Punjab,PB_Hoshiarpur,Hoshiarpur,36362,3089,32259,1014,0,0,0,0,0,,
494,PB,Punjab,PB_Jalandhar,Jalandhar,72739,4782,66433,1524,0,0,0,0,0,,
495,PB,Punjab,PB_Kapurthala,Kapurthala,20292,1199,18537,556,0,0,0,0,0,,
496,PB,Punjab,PB_Ludhiana,Ludhiana,102639,8020,92456,2163,0,0,0,0,0,,
497,PB,Punjab,PB_Mansa,Mansa,16621,736,15502,383,0,0,0,0,0,,
498,PB,Punjab,PB_Moga,Moga,9580,528,8815,237,0,0,0,0,0,,
499,PB,Punjab,PB_Pathankot,Pathankot,22829,1064,21319,446,0,0,0,0,0,,
500,PB,Punjab,PB_Patiala,Patiala,60240,2616,56213,1411,0,0,0,0,0,,
501,PB,Punjab,PB_Rupnagar,Rupnagar,15898,1312,14157,429,0,0,0,0,0,,
502,PB,Punjab,PB_S.A.S. Nagar,S.A.S. Nagar,85325,9113,75114,1098,0,0,0,0,0,,
503,PB,Punjab,PB_Sangrur,Sangrur,17084,713,15485,886,0,0,0,0,0,,
504,PB,Punjab,PB_Shahid Bhagat Singh Nagar,Shahid Bhagat Singh Nagar,12770,786,11593,391,0,0,0,0,0,,
505,PB,Punjab,PB_Sri Muktsar Sahib,Sri Muktsar Sahib,20042,911,18606,525,0,0,0,0,0,,
506,PB,Punjab,PB_Tarn Taran,Tarn Taran,9445,959,8103,383,0,0,0,0,0,,
481,PY,Puducherry,PY_Karaikal,Karaikal,19429,2145,17026,258,0,0,0,0,0,"2 case of TN has been transferred,so has been reduced from the total count.",
482,PY,Puducherry,PY_Mahe,Mahe,6470,167,6249,54,0,0,0,0,0,"1 case of KL have been transferred,so have been reduced from the total count",
483,PY,Puducherry,PY_Puducherry,Puducherry,114772,11483,101812,1477,0,0,0,0,0,"209 cases(204 of TN, 1 of AP and 4 other) have been transferred,so have been reduced from the total count.[July 18]4 cases have transferred to TN and have been reduced from recovered cases.",
484,PY,Puducherry,PY_Yanam,Yanam,7199,327,6763,109,0,0,0,0,0,"2 cases of AP have been transferred,so have been reduced from the total count",
507,RJ,Rajasthan,RJ_Ajmer,Ajmer,43590,3315,39859,416,0,655,247,407,1,,
508,RJ,Rajasthan,RJ_Alwar,Alwar,73031,7806,64912,313,0,1222,162,1059,1,,
509,RJ,Rajasthan,RJ_Banswara,Banswara,11165,760,10301,104,0,120,20,100,0,,
510,RJ,Rajasthan,RJ_Baran,Baran,13009,724,12223,62,0,94,46,48,0,,
511,RJ,Rajasthan,RJ_Barmer,Barmer,19578,2542,16845,191,0,303,-31,333,1,,
512,RJ,Rajasthan,RJ_Bharatpur,Bharatpur,26496,4019,22215,262,0,615,106,508,1,,
513,RJ,Rajasthan,RJ_Bhilwara,Bhilwara,33476,2371,30949,156,0,428,215,213,0,,
514,RJ,Rajasthan,RJ_Bikaner,Bikaner,46419,2533,43332,554,0,252,-153,405,0,,
0,RJ,Rajasthan,RJ_BSF Camp,BSF Camp,85,0,85,0,0,0,0,0,0,,
515,RJ,Rajasthan,RJ_Bundi,Bundi,8569,371,8150,48,0,83,42,41,0,,
516,RJ,Rajasthan,RJ_Chittorgarh,Chittorgarh,24596,2531,21926,139,0,488,147,341,0,,
517,RJ,Rajasthan,RJ_Churu,Churu,18537,1267,17161,109,0,162,97,64,1,,
518,RJ,Rajasthan,RJ_Dausa,Dausa,14791,845,13880,66,0,118,15,103,0,,
519,RJ,Rajasthan,RJ_Dholpur,Dholpur,12062,836,11178,48,0,88,17,71,0,,
520,RJ,Rajasthan,RJ_Dungarpur,Dungarpur,20851,1638,19082,131,0,389,253,136,0,,
0,RJ,Rajasthan,RJ_Evacuees,Evacuees,61,0,61,0,0,0,0,0,0,,
521,RJ,Rajasthan,RJ_Ganganagar,Ganganagar,21599,1762,19686,151,0,222,118,104,0,,
522,RJ,Rajasthan,RJ_Hanumangarh,Hanumangarh,19058,2125,16822,111,0,311,-77,388,0,,
0,RJ,Rajasthan,RJ_Italians,Italians,2,0,2,0,0,0,0,0,0,,
523,RJ,Rajasthan,RJ_Jaipur,Jaipur,235417,22778,210638,2001,0,3988,1439,2546,3,,
524,RJ,Rajasthan,RJ_Jaisalmer,Jaisalmer,15165,715,14383,67,0,131,-19,150,0,,
525,RJ,Rajasthan,RJ_Jalore,Jalore,10250,180,9997,73,0,43,43,0,0,,
526,RJ,Rajasthan,RJ_Jhalawar,Jhalawar,15158,800,14167,191,0,179,78,101,0,,
527,RJ,Rajasthan,RJ_Jhunjhunu,Jhunjhunu,16141,883,15096,162,0,133,-20,153,0,,
528,RJ,Rajasthan,RJ_Jodhpur,Jodhpur,127143,6994,119033,1116,0,1144,245,894,5,,
529,RJ,Rajasthan,RJ_Karauli,Karauli,7798,599,7127,72,0,151,141,10,0,,
530,RJ,Rajasthan,RJ_Kota,Kota,63854,3472,59928,454,0,527,132,394,1,,
531,RJ,Rajasthan,RJ_Nagaur,Nagaur,19362,1016,18164,182,0,198,114,83,1,,
0,RJ,Rajasthan,RJ_Other State,Other State,189,0,150,39,0,0,0,0,0,,
532,RJ,Rajasthan,RJ_Pali,Pali,31615,3332,27995,288,0,585,396,189,0,,
533,RJ,Rajasthan,RJ_Pratapgarh,Pratapgarh,8997,1346,7588,63,0,165,81,84,0,,
534,RJ,Rajasthan,RJ_Rajsamand,Rajsamand,18568,1132,17263,173,0,308,187,121,0,,
535,RJ,Rajasthan,RJ_Sawai Madhopur,Sawai Madhopur,13141,1621,11459,61,0,168,-27,195,0,,
536,RJ,Rajasthan,RJ_Sikar,Sikar,33949,2080,31527,342,0,454,248,205,1,,
537,RJ,Rajasthan,RJ_Sirohi,Sirohi,15289,885,14324,80,0,118,33,85,0,,
538,RJ,Rajasthan,RJ_Tonk,Tonk,11015,1103,9819,93,0,220,151,69,0,,
539,RJ,Rajasthan,RJ_Udaipur,Udaipur,65764,4852,60154,758,0,767,0,766,1,,
540,SK,Sikkim,SK_East Sikkim,East Sikkim,17188,12045,4917,148,78,0,0,0,0,,
541,SK,Sikkim,SK_North Sikkim,North Sikkim,836,754,72,1,9,0,0,0,0,,
542,SK,Sikkim,SK_South Sikkim,South Sikkim,6699,6244,438,2,15,0,0,0,0,,
543,SK,Sikkim,SK_West Sikkim,West Sikkim,5748,5567,137,19,25,0,0,0,0,,
0,TG,Telangana,TG_Foreign Evacuees,Foreign Evacuees,33,33,0,0,0,0,0,0,0,District-wise numbers are out-dated as cumulative counts for each district are not reported in Telangana bulletin,
0,TG,Telangana,TG_Other State,Other State,250,250,0,0,0,0,0,0,0,District-wise numbers are out-dated as cumulative counts for each district are not reported in Telangana bulletin,
576,TG,Telangana,TG_Adilabad,Adilabad,7533,7518,15,0,0,0,0,0,0,District-wise numbers are out-dated as cumulative counts for each district are not reported in Telangana bulletin,
577,TG,Telangana,TG_Bhadradri Kothagudem,Bhadradri Kothagudem,19699,19695,4,0,0,0,0,0,0,District-wise numbers are out-dated as cumulative counts for each district are not reported in Telangana bulletin,
578,TG,Telangana,TG_Hyderabad,Hyderabad,169662,169334,305,23,0,0,0,0,0,District-wise numbers are out-dated as cumulative counts for each district are not reported in Telangana bulletin,
579,TG,Telangana,TG_Jagtial,Jagtial,18140,18138,2,0,0,0,0,0,0,District-wise numbers are out-dated as cumulative counts for each district are not reported in Telangana bulletin,
580,TG,Telangana,TG_Jangaon,Jangaon,8062,8061,1,0,0,0,0,0,0,District-wise numbers are out-dated as cumulative counts for each district are not reported in Telangana bulletin,
581,TG,Telangana,TG_Jayashankar Bhupalapally,Jayashankar Bhupalapally,7023,7023,0,0,0,0,0,0,0,District-wise numbers are out-dated as cumulative counts for each district are not reported in Telangana bulletin,
582,TG,Telangana,TG_Jogulamba Gadwal,Jogulamba Gadwal,7492,7466,25,1,0,0,0,0,0,District-wise numbers are out-dated as cumulative counts for each district are not reported in Telangana bulletin,
583,TG,Telangana,TG_Kamareddy,Kamareddy,11888,11880,8,0,0,0,0,0,0,District-wise numbers are out-dated as cumulative counts for each district are not reported in Telangana bulletin,
584,TG,Telangana,TG_Karimnagar,Karimnagar,32215,32199,16,0,0,0,0,0,0,District-wise numbers are out-dated as cumulative counts for each district are not reported in Telangana bulletin,
585,TG,Telangana,TG_Khammam,Khammam,29273,29270,3,0,0,0,0,0,0,District-wise numbers are out-dated as cumulative counts for each district are not reported in Telangana bulletin,
586,TG,Telangana,TG_Komaram Bheem,Komaram Bheem,4789,4787,2,0,0,0,0,0,0,District-wise numbers are out-dated as cumulative counts for each district are not reported in Telangana bulletin,
587,TG,Telangana,TG_Mahabubabad,Mahabubabad,13984,13983,1,0,0,0,0,0,0,District-wise numbers are out-dated as cumulative counts for each district are not reported in Telangana bulletin,
588,TG,Telangana,TG_Mahabubnagar,Mahabubnagar,17287,17279,8,0,0,0,0,0,0,District-wise numbers are out-dated as cumulative counts for each district are not reported in Telangana bulletin,
589,TG,Telangana,TG_Mancherial,Mancherial,17398,17397,0,1,0,0,0,0,0,District-wise numbers are out-dated as cumulative counts for each district are not reported in Telangana bulletin,
590,TG,Telangana,TG_Medak,Medak,8941,8937,4,0,0,0,0,0,0,District-wise numbers are out-dated as cumulative counts for each district are not reported in Telangana bulletin,
591,TG,Telangana,TG_Medchal Malkajgiri,Medchal Malkajgiri,50904,50894,9,1,0,0,0,0,0,District-wise numbers are out-dated as cumulative counts for each district are not reported in Telangana bulletin,
592,TG,Telangana,TG_Mulugu,Mulugu,6872,6870,2,0,0,0,0,0,0,District-wise numbers are out-dated as cumulative counts for each district are not reported in Telangana bulletin,
593,TG,Telangana,TG_Nagarkurnool,Nagarkurnool,12798,12796,2,0,0,0,0,0,0,District-wise numbers are out-dated as cumulative counts for each district are not reported in Telangana bulletin,
594,TG,Telangana,TG_Nalgonda,Nalgonda,30566,30554,12,0,0,0,0,0,0,District-wise numbers are out-dated as cumulative counts for each district are not reported in Telangana bulletin,
595,TG,Telangana,TG_Narayanpet,Narayanpet,3500,3499,0,1,0,0,0,0,0,District-wise numbers are out-dated as cumulative counts for each district are not reported in Telangana bulletin,
596,TG,Telangana,TG_Nirmal,Nirmal,7515,7502,13,0,0,0,0,0,0,District-wise numbers are out-dated as cumulative counts for each district are not reported in Telangana bulletin,
597,TG,Telangana,TG_Nizamabad,Nizamabad,21894,21864,30,0,0,0,0,0,0,District-wise numbers are out-dated as cumulative counts for each district are not reported in Telangana bulletin,
598,TG,Telangana,TG_Peddapalli,Peddapalli,17014,17013,1,0,0,0,0,0,0,District-wise numbers are out-dated as cumulative counts for each district are not reported in Telangana bulletin,
599,TG,Telangana,TG_Rajanna Sircilla,Rajanna Sircilla,12713,12711,2,0,0,0,0,0,0,District-wise numbers are out-dated as cumulative counts for each district are not reported in Telangana bulletin,
600,TG,Telangana,TG_Ranga Reddy,Ranga Reddy,54008,53989,17,2,0,0,0,0,0,District-wise numbers are out-dated as cumulative counts for each district are not reported in Telangana bulletin,
601,TG,Telangana,TG_Sangareddy,Sangareddy,20720,20714,6,0,0,0,0,0,0,District-wise numbers are out-dated as cumulative counts for each district are not reported in Telangana bulletin,
602,TG,Telangana,TG_Siddipet,Siddipet,20378,20377,1,0,0,0,0,0,0,District-wise numbers are out-dated as cumulative counts for each district are not reported in Telangana bulletin,
603,TG,Telangana,TG_Suryapet,Suryapet,18469,18445,24,0,0,0,0,0,0,District-wise numbers are out-dated as cumulative counts for each district are not reported in Telangana bulletin,
604,TG,Telangana,TG_Vikarabad,Vikarabad,11521,11505,15,1,0,0,0,0,0,District-wise numbers are out-dated as cumulative counts for each district are not reported in Telangana bulletin,
605,TG,Telangana,TG_Wanaparthy,Wanaparthy,10184,10184,0,0,0,0,0,0,0,District-wise numbers are out-dated as cumulative counts for each district are not reported in Telangana bulletin,
606,TG,Telangana,TG_Warangal Rural,Warangal Rural,11365,11365,0,0,0,0,0,0,0,District-wise numbers are out-dated as cumulative counts for each district are not reported in Telangana bulletin,
607,TG,Telangana,TG_Warangal Urban,Warangal Urban,29087,29064,23,0,0,0,0,0,0,District-wise numbers are out-dated as cumulative counts for each district are not reported in Telangana bulletin,
608,TG,Telangana,TG_Yadadri Bhuvanagiri,Yadadri Bhuvanagiri,12141,12141,0,0,0,0,0,0,0,District-wise numbers are out-dated as cumulative counts for each district are not reported in Telangana bulletin,
0,TN,Tamil Nadu,TN_Railway Quarantine,Railway Quarantine,428,0,428,0,0,0,0,0,0,,
0,TN,Tamil Nadu,TN_Airport Quarantine,Airport Quarantine,2312,25,2285,2,0,0,-7,7,0,,
0,TN,Tamil Nadu,TN_Other State,Other State,0,0,0,0,0,0,0,0,0,,
544,TN,Tamil Nadu,TN_Ariyalur,Ariyalur,18047,820,16962,265,0,162,103,59,0,,
732,TN,Tamil Nadu,TN_Chengalpattu,Chengalpattu,210507,18158,189773,2576,0,2410,345,2063,2,,
545,TN,Tamil Nadu,TN_Chennai,Chennai,688882,58311,621771,8800,0,5866,-2387,8241,12,[July 22]: 444 backdated deceased entries added to Chennai in TN bulletin.,
546,TN,Tamil Nadu,TN_Coimbatore,Coimbatore,283219,20701,259975,2543,0,3994,2465,1528,1,,
547,TN,Tamil Nadu,TN_Cuddalore,Cuddalore,69222,3071,65273,878,0,579,240,339,0,,
548,TN,Tamil Nadu,TN_Dharmapuri,Dharmapuri,31613,1804,29528,281,0,440,283,157,0,,
549,TN,Tamil Nadu,TN_Dindigul,Dindigul,34729,816,33259,654,0,158,76,82,0,,
550,TN,Tamil Nadu,TN_Erode,Erode,116082,5509,109852,721,0,1051,560,491,0,,
734,TN,Tamil Nadu,TN_Kallakurichi,Kallakurichi,33675,1228,32237,210,0,229,83,146,0,,
551,TN,Tamil Nadu,TN_Kancheepuram,Kancheepuram,86676,5356,80037,1283,0,701,-5,704,2,,
552,TN,Tamil Nadu,TN_Kanyakumari,Kanyakumari,73681,7166,65445,1070,0,1315,647,668,0,,
553,TN,Tamil Nadu,TN_Karur,Karur,26544,1087,25088,369,0,211,136,74,1,,
554,TN,Tamil Nadu,TN_Krishnagiri,Krishnagiri,49820,3882,45576,362,0,915,509,406,0,,
555,TN,Tamil Nadu,TN_Madurai,Madurai,84572,4795,78578,1199,0,591,-59,649,1,,
556,TN,Tamil Nadu,TN_Nagapattinam,Nagapattinam,22797,962,21473,362,0,220,127,93,0,,
557,TN,Tamil Nadu,TN_Namakkal,Namakkal,58914,2775,55615,524,0,749,373,376,0,,
564,TN,Tamil Nadu,TN_Nilgiris,Nilgiris,37517,1838,35456,223,0,301,51,249,1,,
558,TN,Tamil Nadu,TN_Perambalur,Perambalur,13490,698,12544,248,0,114,17,96,1,,
559,TN,Tamil Nadu,TN_Pudukkottai,Pudukkottai,31715,935,30358,422,0,241,148,92,1,,
560,TN,Tamil Nadu,TN_Ramanathapuram,Ramanathapuram,22711,1206,21142,363,0,232,93,138,1,,
733,TN,Tamil Nadu,TN_Ranipet,Ranipet,48513,2673,45057,783,0,548,161,387,0,,
561,TN,Tamil Nadu,TN_Salem,Salem,110649,5170,103745,1734,0,1162,435,726,1,,
562,TN,Tamil Nadu,TN_Sivaganga,Sivaganga,21897,706,20978,213,0,125,19,106,0,,
731,TN,Tamil Nadu,TN_Tenkasi,Tenkasi,29127,1020,27620,487,0,239,120,119,0,,
563,TN,Tamil Nadu,TN_Thanjavur,Thanjavur,82334,3959,77361,1014,0,843,440,402,1,,
565,TN,Tamil Nadu,TN_Theni,Theni,46726,2188,44014,524,0,476,212,264,0,,
566,TN,Tamil Nadu,TN_Thiruvallur,Thiruvallur,137405,8276,127237,1892,0,1111,152,958,1,,
567,TN,Tamil Nadu,TN_Thiruvarur,Thiruvarur,44086,1365,42257,464,0,338,175,163,0,,
568,TN,Tamil Nadu,TN_Thoothukkudi,Thoothukkudi,61268,2180,58660,428,0,354,-3,355,2,,
569,TN,Tamil Nadu,TN_Tiruchirappalli,Tiruchirappalli,86449,4107,81224,1118,0,714,260,452,2,,
570,TN,Tamil Nadu,TN_Tirunelveli,Tirunelveli,56650,4041,52168,441,0,838,298,539,1,,
735,TN,Tamil Nadu,TN_Tirupathur,Tirupathur,32367,1789,29950,628,0,439,236,203,0,,
571,TN,Tamil Nadu,TN_Tiruppur,Tiruppur,107195,5330,100830,1035,0,1068,486,581,1,,
572,TN,Tamil Nadu,TN_Tiruvannamalai,Tiruvannamalai,60365,3008,56680,677,0,604,118,486,0,,
573,TN,Tamil Nadu,TN_Vellore,Vellore,55396,1963,52281,1152,0,186,-49,235,0,,
574,TN,Tamil Nadu,TN_Viluppuram,Viluppuram,49322,1961,47000,361,0,512,268,243,1,,
575,TN,Tamil Nadu,TN_Virudhunagar,Virudhunagar,51772,2950,48271,551,0,535,116,419,0,,
736,TN,Tamil Nadu,TN_Mayiladuthurai,Mayiladuthurai,24736,868,23547,321,0,173,97,76,0,,
609,TR,Tripura,TR_Dhalai,Dhalai,8106,806,7260,38,2,0,0,0,0,,
610,TR,Tripura,TR_Gomati,Gomati,9043,670,8289,80,4,0,0,0,0,,
611,TR,Tripura,TR_Khowai,Khowai,5031,286,4690,55,0,0,0,0,0,,
612,TR,Tripura,TR_North Tripura,North Tripura,8349,717,7589,36,7,0,0,0,0,,
613,TR,Tripura,TR_Sipahijala,Sipahijala,7052,440,6532,78,2,0,0,0,0,,
614,TR,Tripura,TR_South Tripura,South Tripura,11394,902,10433,56,3,0,0,0,0,,
615,TR,Tripura,TR_Unokoti,Unokoti,9651,801,8778,68,4,0,0,0,0,,
616,TR,Tripura,TR_West Tripura,West Tripura,38747,3574,34680,450,43,0,0,0,0,,
617,UP,Uttar Pradesh,UP_Agra,Agra,33249,3234,29556,459,0,0,0,0,0,,
618,UP,Uttar Pradesh,UP_Aligarh,Aligarh,24170,1129,22930,111,0,0,0,0,0,,
619,UP,Uttar Pradesh,UP_Ambedkar Nagar,Ambedkar Nagar,5469,243,5073,153,0,0,0,0,0,,
620,UP,Uttar Pradesh,UP_Amethi,Amethi,10697,514,10040,143,0,0,0,0,0,,
621,UP,Uttar Pradesh,UP_Amroha,Amroha,18076,760,17112,204,0,0,0,0,0,,
622,UP,Uttar Pradesh,UP_Auraiya,Auraiya,10526,242,10080,204,0,0,0,0,0,,
765,UP,Uttar Pradesh,UP_Ayodhya,Ayodhya,18281,658,17333,290,0,0,0,0,0,,
623,UP,Uttar Pradesh,UP_Azamgarh,Azamgarh,18567,416,17922,229,0,0,0,0,0,,
624,UP,Uttar Pradesh,UP_Baghpat,Baghpat,10572,424,10005,143,0,0,0,0,0,,
625,UP,Uttar Pradesh,UP_Bahraich,Bahraich,12341,524,11639,178,0,0,0,0,0,,
626,UP,Uttar Pradesh,UP_Ballia,Ballia,22160,381,21542,237,0,0,0,0,0,,
627,UP,Uttar Pradesh,UP_Balrampur,Balrampur,7844,219,7487,138,0,0,0,0,0,,
628,UP,Uttar Pradesh,UP_Banda,Banda,11341,235,10945,161,0,0,0,0,0,,
629,UP,Uttar Pradesh,UP_Barabanki,Barabanki,21976,1245,20506,225,0,0,0,0,0,,
630,UP,Uttar Pradesh,UP_Bareilly,Bareilly,47771,2034,45360,377,0,0,0,0,0,,
631,UP,Uttar Pradesh,UP_Basti,Basti,12568,523,11714,331,0,0,0,0,0,,
632,UP,Uttar Pradesh,UP_Bhadohi,Bhadohi,7967,176,7627,164,0,0,0,0,0,,
633,UP,Uttar Pradesh,UP_Bijnor,Bijnor,16682,1052,15504,126,0,0,0,0,0,,
634,UP,Uttar Pradesh,UP_Budaun,Budaun,16235,832,15302,101,0,0,0,0,0,,
635,UP,Uttar Pradesh,UP_Bulandshahr,Bulandshahr,24216,2012,21958,246,0,0,0,0,0,,
636,UP,Uttar Pradesh,UP_Chandauli,Chandauli,17208,536,16312,360,0,0,0,0,0,,
637,UP,Uttar Pradesh,UP_Chitrakoot,Chitrakoot,7343,163,7101,79,0,0,0,0,0,,
638,UP,Uttar Pradesh,UP_Deoria,Deoria,21086,570,20292,224,0,0,0,0,0,,
639,UP,Uttar Pradesh,UP_Etah,Etah,11012,640,10272,100,0,0,0,0,0,,
640,UP,Uttar Pradesh,UP_Etawah,Etawah,14840,615,13930,295,0,0,0,0,0,,
642,UP,Uttar Pradesh,UP_Farrukhabad,Farrukhabad,11091,480,10416,195,0,0,0,0,0,,
643,UP,Uttar Pradesh,UP_Fatehpur,Fatehpur,7144,218,6787,139,0,0,0,0,0,,
644,UP,Uttar Pradesh,UP_Firozabad,Firozabad,9995,586,9273,136,0,0,0,0,0,,
645,UP,Uttar Pradesh,UP_Gautam Buddha Nagar,Gautam Buddha Nagar,88234,8278,79487,469,0,0,0,0,0,,
646,UP,Uttar Pradesh,UP_Ghaziabad,Ghaziabad,77401,6359,70577,465,0,0,0,0,0,,
647,UP,Uttar Pradesh,UP_Ghazipur,Ghazipur,22832,664,21883,285,0,0,0,0,0,,
648,UP,Uttar Pradesh,UP_Gonda,Gonda,13294,667,12355,272,0,0,0,0,0,,
649,UP,Uttar Pradesh,UP_Gorakhpur,Gorakhpur,63735,2090,60794,851,0,0,0,0,0,,
650,UP,Uttar Pradesh,UP_Hamirpur,Hamirpur,5438,131,5205,102,0,0,0,0,0,,
651,UP,Uttar Pradesh,UP_Hapur,Hapur,14306,918,13170,218,0,0,0,0,0,,
652,UP,Uttar Pradesh,UP_Hardoi,Hardoi,15431,1153,13925,353,0,0,0,0,0,,
653,UP,Uttar Pradesh,UP_Hathras,Hathras,3631,284,3304,43,0,0,0,0,0,,
654,UP,Uttar Pradesh,UP_Jalaun,Jalaun,12133,395,11535,203,0,0,0,0,0,,
655,UP,Uttar Pradesh,UP_Jaunpur,Jaunpur,23387,480,22671,236,0,0,0,0,0,,
656,UP,Uttar Pradesh,UP_Jhansi,Jhansi,39799,1867,37269,663,0,0,0,0,0,,
657,UP,Uttar Pradesh,UP_Kannauj,Kannauj,9731,317,9298,116,0,0,0,0,0,,
658,UP,Uttar Pradesh,UP_Kanpur Dehat,Kanpur Dehat,6500,209,6181,110,0,0,0,0,0,,
659,UP,Uttar Pradesh,UP_Kanpur Nagar,Kanpur Nagar,88376,3017,83451,1908,0,0,0,0,0,,
660,UP,Uttar Pradesh,UP_Kasganj,Kasganj,4583,124,4406,53,0,0,0,0,0,,
661,UP,Uttar Pradesh,UP_Kaushambi,Kaushambi,4511,54,4386,71,0,0,0,0,0,,
663,UP,Uttar Pradesh,UP_Kushinagar,Kushinagar,15918,210,15480,228,0,0,0,0,0,,
662,UP,Uttar Pradesh,UP_Lakhimpur Kheri,Lakhimpur Kheri,26138,1324,24517,297,0,0,0,0,0,,
664,UP,Uttar Pradesh,UP_Lalitpur,Lalitpur,13252,318,12805,129,0,0,0,0,0,,
665,UP,Uttar Pradesh,UP_Lucknow,Lucknow,271294,17495,251143,2656,0,0,0,0,0,,
667,UP,Uttar Pradesh,UP_Maharajganj,Maharajganj,13065,290,12633,142,0,0,0,0,0,,
666,UP,Uttar Pradesh,UP_Mahoba,Mahoba,4346,56,4204,86,0,0,0,0,0,,
668,UP,Uttar Pradesh,UP_Mainpuri,Mainpuri,11190,502,10503,185,0,0,0,0,0,,
669,UP,Uttar Pradesh,UP_Mathura,Mathura,24727,1874,22450,403,0,0,0,0,0,,
670,UP,Uttar Pradesh,UP_Mau,Mau,8629,209,8340,80,0,0,0,0,0,,
671,UP,Uttar Pradesh,UP_Meerut,Meerut,84563,5454,78197,912,0,0,0,0,0,,
672,UP,Uttar Pradesh,UP_Mirzapur,Mirzapur,11681,291,11273,117,0,0,0,0,0,,
673,UP,Uttar Pradesh,UP_Moradabad,Moradabad,44691,2030,42309,352,0,0,0,0,0,,
674,UP,Uttar Pradesh,UP_Muzaffarnagar,Muzaffarnagar,35649,1899,33479,271,0,0,0,0,0,,
675,UP,Uttar Pradesh,UP_Pilibhit,Pilibhit,11573,386,10993,194,0,0,0,0,0,,
676,UP,Uttar Pradesh,UP_Pratapgarh,Pratapgarh,16282,151,15967,164,0,0,0,0,0,,
677,UP,Uttar Pradesh,UP_Prayagraj,Prayagraj,83754,2725,79937,1092,0,0,0,0,0,,
678,UP,Uttar Pradesh,UP_Rae Bareli,Rae Bareli,18389,679,17367,343,0,0,0,0,0,,
679,UP,Uttar Pradesh,UP_Rampur,Rampur,14089,980,12960,149,0,0,0,0,0,,
680,UP,Uttar Pradesh,UP_Saharanpur,Saharanpur,36929,2293,34216,420,0,0,0,0,0,,
681,UP,Uttar Pradesh,UP_Sambhal,Sambhal,10482,407,9969,106,0,0,0,0,0,,
682,UP,Uttar Pradesh,UP_Sant Kabir Nagar,Sant Kabir Nagar,8425,153,8174,98,0,0,0,0,0,,
683,UP,Uttar Pradesh,UP_Shahjahanpur,Shahjahanpur,22014,1012,20558,444,0,0,0,0,0,,
684,UP,Uttar Pradesh,UP_Shamli,Shamli,15158,998,14114,46,0,0,0,0,0,,
685,UP,Uttar Pradesh,UP_Shrawasti,Shrawasti,4699,228,4434,37,0,0,0,0,0,,
686,UP,Uttar Pradesh,UP_Siddharthnagar,Siddharthnagar,10123,490,9533,100,0,0,0,0,0,,
687,UP,Uttar Pradesh,UP_Sitapur,Sitapur,13339,541,12612,186,0,0,0,0,0,,
688,UP,Uttar Pradesh,UP_Sonbhadra,Sonbhadra,17813,574,16986,253,0,0,0,0,0,,
689,UP,Uttar Pradesh,UP_Sultanpur,Sultanpur,15934,735,15059,140,0,0,0,0,0,,
690,UP,Uttar Pradesh,UP_Unnao,Unnao,15535,197,15084,254,0,0,0,0,0,,
691,UP,Uttar Pradesh,UP_Varanasi,Varanasi,93186,3697,88517,972,0,0,0,0,0,,
692,UT,Uttarakhand,UT_Almora,Almora,14249,1455,11822,198,774,143,143,0,0,,
693,UT,Uttarakhand,UT_Bageshwar,Bageshwar,6808,624,6057,61,66,120,66,54,0,,
694,UT,Uttarakhand,UT_Chamoli,Chamoli,13456,888,12264,62,242,243,193,50,0,,
695,UT,Uttarakhand,UT_Champawat,Champawat,8744,767,7715,53,209,112,112,0,0,,
696,UT,Uttarakhand,UT_Dehradun,Dehradun,132164,11965,115860,3561,778,1802,904,892,6,,
697,UT,Uttarakhand,UT_Haridwar,Haridwar,59075,3568,52971,1031,1505,607,17,590,0,,
698,UT,Uttarakhand,UT_Nainital,Nainital,47102,3791,42200,952,159,565,47,517,1,,
699,UT,Uttarakhand,UT_Pauri Garhwal,Pauri Garhwal,20597,1664,17054,321,1558,259,259,0,0,,
700,UT,Uttarakhand,UT_Pithoragarh,Pithoragarh,11456,694,10405,183,174,176,67,109,0,,
701,UT,Uttarakhand,UT_Rudraprayag,Rudraprayag,9427,428,8686,106,207,159,126,33,0,,
702,UT,Uttarakhand,UT_Tehri Garhwal,Tehri Garhwal,17140,858,15084,110,1088,108,97,11,0,,
703,UT,Uttarakhand,UT_Udham Singh Nagar,Udham Singh Nagar,43320,1975,39561,763,1021,395,-35,430,0,,
704,UT,Uttarakhand,UT_Uttarkashi,Uttarkashi,13136,230,12397,74,435,70,44,26,0,,
705,WB,West Bengal,WB_Alipurduar,Alipurduar,17158,860,16196,102,0,0,0,0,0,,
706,WB,West Bengal,WB_Bankura,Bankura,41649,2384,38989,276,0,0,0,0,0,,
707,WB,West Bengal,WB_Birbhum,Birbhum,54296,5991,47993,312,0,0,0,0,0,,
708,WB,West Bengal,WB_Cooch Behar,Cooch Behar,31761,1111,30550,100,0,0,0,0,0,,
709,WB,West Bengal,WB_Dakshin Dinajpur,Dakshin Dinajpur,21425,1548,19697,180,0,0,0,0,0,,
710,WB,West Bengal,WB_Darjeeling,Darjeeling,64903,3470,60869,564,0,0,0,0,0,,
711,WB,West Bengal,WB_Hooghly,Hooghly,105070,6816,97182,1072,0,0,0,0,0,,
712,WB,West Bengal,WB_Howrah,Howrah,122755,7990,113162,1603,0,0,0,0,0,,
713,WB,West Bengal,WB_Jalpaiguri,Jalpaiguri,46562,2223,43737,602,0,0,0,0,0,,
714,WB,West Bengal,WB_Jhargram,Jhargram,14787,1229,13529,29,0,0,0,0,0,,
715,WB,West Bengal,WB_Kalimpong,Kalimpong,7786,357,7374,55,0,0,0,0,0,,
716,WB,West Bengal,WB_Kolkata,Kolkata,438103,37560,395086,5457,0,0,0,0,0,,
717,WB,West Bengal,WB_Malda,Malda,41747,4058,37497,192,0,0,0,0,0,,
719,WB,West Bengal,WB_Murshidabad,Murshidabad,39955,2792,36829,334,0,0,0,0,0,,
720,WB,West Bengal,WB_Nadia,Nadia,84241,4587,78742,912,0,0,0,0,0,,
721,WB,West Bengal,WB_North 24 Parganas,North 24 Parganas,393710,24339,364231,5140,0,0,0,0,0,,
0,WB,West Bengal,WB_Other State,Other State,66,0,63,3,0,0,0,0,0,,
722,WB,West Bengal,WB_Paschim Bardhaman,Paschim Bardhaman,73674,6010,67281,383,0,0,0,0,0,,
718,WB,West Bengal,WB_Paschim Medinipur,Paschim Medinipur,60414,2791,57108,515,0,0,0,0,0,,
723,WB,West Bengal,WB_Purba Bardhaman,Purba Bardhaman,52841,4965,47656,220,0,0,0,0,0,,
724,WB,West Bengal,WB_Purba Medinipur,Purba Medinipur,66664,1471,64783,410,0,0,0,0,0,,
725,WB,West Bengal,WB_Purulia,Purulia,23171,1743,21311,117,0,0,0,0,0,,
726,WB,West Bengal,WB_South 24 Parganas,South 24 Parganas,122570,8459,112675,1436,0,0,0,0,0,,
727,WB,West Bengal,WB_Uttar Dinajpur,Uttar Dinajpur,23766,2062,21453,251,0,0,0,0,0,,
728,AN,Andaman and Nicobar Islands,AN_Unknown,Unknown,9225,545,8551,129,0,0,0,0,0,,
729,AP,Andhra Pradesh,AP_Unknown,Unknown,0,0,0,0,0,0,0,0,0,,
730,AR,Arunachal Pradesh,AR_Unknown,Unknown,0,0,0,0,0,0,0,0,0,,
731,AS,Assam,AS_Unknown,Unknown,113165,-475753,586388,1183,1347,0,0,0,0,,
732,BR,Bihar,BR_Unknown,Unknown,0,0,0,0,0,0,0,0,0,,
733,CH,Chandigarh,CH_Unknown,Unknown,0,0,0,0,0,0,0,0,0,,
734,CT,Chhattisgarh,CT_Unknown,Unknown,0,0,0,0,0,0,0,0,0,,
735,DN,Dadra and Nagar Haveli and Daman and Diu,DN_Unknown,Unknown,0,0,0,0,0,0,0,0,0,,
737,DL,Delhi,DL_Unknown,Unknown,1770240,61167,1683533,25540,0,0,0,0,0,,
738,GA,Goa,GA_Unknown,Unknown,218786,18348,197036,3402,0,0,0,0,0,,
739,GJ,Gujarat,GJ_Unknown,Unknown,0,0,0,0,0,0,0,0,0,,
740,HR,Haryana,HR_Unknown,Unknown,0,0,0,0,0,0,0,0,0,,
741,HP,Himachal Pradesh,HP_Unknown,Unknown,0,0,0,0,0,0,0,0,0,,
742,JK,Jammu and Kashmir,JK_Unknown,Unknown,0,0,0,0,0,0,0,0,0,,
743,JH,Jharkhand,JH_Unknown,Unknown,0,0,0,0,0,0,0,0,0,,
744,KA,Karnataka,KA_Unknown,Unknown,0,0,0,0,0,0,0,0,0,,
745,KL,Kerala,KL_Unknown,Unknown,0,0,0,0,0,0,0,0,0,,
746,LA,Ladakh,LA_Unknown,Unknown,0,0,0,0,0,0,0,0,0,,
747,LD,Lakshadweep,LD_Unknown,Unknown,29,-21,49,1,0,0,0,0,0,,
748,MP,Madhya Pradesh,MP_Unknown,Unknown,0,0,0,0,0,0,0,0,0,,
749,MH,Maharashtra,MH_Unknown,Unknown,0,0,0,0,0,0,0,0,0,,
750,MN,Manipur,MN_Unknown,Unknown,1697,-120689,122292,94,0,0,0,0,0,,
751,ML,Meghalaya,ML_Unknown,Unknown,21,19,0,2,0,0,0,0,0,,
752,MZ,Mizoram,MZ_Unknown,Unknown,0,0,0,0,0,0,0,0,0,,
753,NL,Nagaland,NL_Unknown,Unknown,0,0,0,0,0,0,0,0,0,,
754,OR,Odisha,OR_Unknown,Unknown,0,0,0,0,0,0,0,0,0,,
755,PY,Puducherry,PY_Unknown,Unknown,0,0,0,0,0,0,0,0,0,,
756,PB,Punjab,PB_Unknown,Unknown,0,0,0,0,0,0,0,0,0,,
757,RJ,Rajasthan,RJ_Unknown,Unknown,0,0,0,0,0,0,0,0,0,,
758,SK,Sikkim,SK_Unknown,Unknown,5950,-22153,27459,249,395,0,0,0,0,,
759,TN,Tamil Nadu,TN_Unknown,Unknown,0,0,0,0,0,0,0,0,0,,
760,TG,Telangana,TG_Unknown,Unknown,1501,-695610,693072,4039,0,0,0,0,0,,
761,TR,Tripura,TR_Unknown,Unknown,0,0,0,0,0,0,0,0,0,,
762,UP,Uttar Pradesh,UP_Unknown,Unknown,0,0,0,0,0,0,0,0,0,,
763,UT,Uttarakhand,UT_Unknown,Unknown,0,0,0,0,0,0,0,0,0,,
764,WB,West Bengal,WB_Unknown,Unknown,0,0,0,0,0,0,0,0,0,,